Workbook

Sheet Worksheet 2009
A1: UPS | F1: LTL | J1: FED-EX
A3: January
A4: Week Ending | B4: Packages | C4: Dollars | F4: Number of Orders | G4: Weight | H4: Dollars
A5: 39816 | B5: 199 | C5: 10114.14 | F5: 1 | G5: 390 | H5: 70
A6: 39823 | B6: 299 | C6: 11197.57 | F6: 52 | G6: 78067 | H6: 32454.7
A7: 39830 | B7: 378 | C7: 15941.13 | F7: 56 | G7: 69537 | H7: 23401.77
A8: 39837 | B8: 386 | C8: 14807.9 | F8: 53 | G8: 179891 | H8: 33633.22
A9: 39844 | B9: 402 | C9: 15301.26 | F9: 58 | G9: 143618 | H9: 23792.16
F10: 13 | G10: 11863 | H10: 2508.34
F11: 5 | G11: 4337 | H11: 934.75
F12: 57 | G12: 27265 | H12: 15575.55
F13: 1 | G13: 2 | H13: 133.82
F14: 4 | G14: 11413 | H14: 1306.38
F15: 2 | G15: 4 | H15: 109.71
F16: 4 | G16: 8 | H16: 914.49
A18: Jan total | B18: =SUM(B5:B13) -> 1664 | C18: =SUM(C5:C13) -> 67362 | F18: =SUM(F5:F17) -> 306 | G18: =SUM(G5:G17) -> 526395 | H18: =SUM(H5:H17) -> 134834.89
A20: February
A21: Week Ending | B21: Packages | C21: Dollars | F21: Number of Orders | G21: Weight | H21: Dollars
A22: 39851 | B22: 426 | C22: 15968.13 | F22: =[1]Sheet1!$E$65 -> 4 | G22: =[1]Sheet1!$H$65 -> 93842 | H22: =[1]Sheet1!$D$65 -> 8030
A23: 39858 | B23: 431 | C23: 16708.24 | F23: =[2]Sheet1!$E$63 -> 47 | G23: =[2]Sheet1!$H$63 -> 239908 | H23: =[2]Sheet1!$D$63 -> 26102.34
A24: 39865 | B24: 331 | C24: 12332.01 | F24: 65 | G24: 282514 | H24: 40794.06
A25: 39872 | B25: 441 | C25: 18541.46 | F25: 101 | G25: 212610 | H25: 38207.78
F26: 80 | G26: 136752 | H26: 28914.06
F27: 17 | G27: 8459 | H27: 2949.25
F28: 28 | G28: 12105 | H28: 5831.89
F29: 6 | G29: 4370 | H29: 856.56
F30: 6 | G30: 8926 | H30: 3880.91
F31: 2 | G31: 4 | H31: 860.42
F32: 2 | G32: 4 | H32: 193.37
F33: 2 | G33: 4 | H33: 96.77
F34: 1 | G34: 2 | H34: 25.42
F35: 4 | G35: 8 | H35: 1206.63
A36: Feb Total | B36: =SUM(B22:B29) -> 1629 | C36: =SUM(C22:C29) -> 63549.84 | F36: =SUM(F22:F35) -> 365 | G36: =SUM(G22:G35) -> 999508 | H36: =SUM(H22:H35) -> 157949.46
A38: March
A39: Week Ending | B39: Packages | C39: Dollars | F39: Number of Orders | G39: Weight | H39: Dollars | K39: 1 | L39: 46.9
A40: 39879 | B40: 359 | C40: 14661.11 | F40: 1 | G40: 33205 | H40: 1175 | K40: 1 | L40: 46.9
A41: 39886 | B41: 327 | C41: 6827.29 | F41: 78 | G41: 240434 | H41: 35185.8
A42: 39893 | B42: 376 | C42: 16849.46 | F42: 66 | G42: 267489 | H42: 33444.01
A43: 39900 | B43: 425 | C43: 18591.95 | F43: 100 | G43: 211441 | H43: 93101.23
F44: =[3]Sheet1!$E$161 -> 152 | G44: =[3]Sheet1!$H$161 -> 192327 | H44: =[3]Sheet1!$D$161 -> 116115.53
F45: =[4]Sheet1!$E$78 -> 74 | G45: =[4]Sheet1!$H$78 -> 118953 | H45: =[4]Sheet1!$D$78 -> 72072.29
F46: 1 | G46: 2110 | H46: 162.97
F47: 1 | G47: 2 | H47: 24.25
F48: 3 | G48: 1317 | H48: 596.46
F49: 1 | G49: 2 | H49: 17.82
F50: 3 | G50: 6 | H50: 529.63
A62: Mar Total | B62: =SUM(B40:B49) -> 1487 | C62: =SUM(C40:C49) -> 56929.81 | F62: =SUM(F40:F61) -> 480 | G62: =SUM(G40:G61) -> 1067286 | H62: =SUM(H40:H61) -> 352424.99 | K62: =SUM(K39:K61) -> 2 | L62: =SUM(L39:L61) -> 93.8
A64: April
A65: Week Ending | B65: Packages | C65: Dollars | F65: Number of Orders | G65: Weight | H65: Dollars
A66: 39907 | B66: 701 | C66: 11672.64 | F66: 13 | G66: 19459 | H66: 3048.28 | K66: 1 | L66: 47.25
A67: 39914 | B67: 701 | C67: 20698.6 | F67: 81 | G67: 156827 | H67: 41496.04
A68: 39921 | B68: 460 | C68: 25420.65 | F68: 99 | G68: 214506 | H68: 62589.05
A69: 39928 | B69: 431 | C69: 16316.17 | F69: 51 | G69: 174515 | H69: 23211.2
F70: 70 | G70: 112337 | H70: 27295.08
F71: 8 | G71: 64436 | H71: 4289.67
F72: =[5]Memphis!$E$4 -> 2 | G72: =[5]Memphis!$H$4 -> 306 | H72: =[5]Memphis!$D$4 -> 195
F73: 2 | G73: 2098 | H73: 259.93
F74: 2 | G74: 3134 | H74: 566.65
A85: Apr Total | B85: =SUM(B66:B74) -> 2293 | C85: =SUM(C66:C74) -> 74108.06 | F85: =SUM(F44:F84) -> 1043 | G85: =SUM(G66:G83) -> 747618 | H85: =SUM(H66:H84) -> 162950.9 | K85: =SUM(K66:K84) -> 1 | L85: =SUM(L66:L84) -> 47.25
A87: May
A88: Week Ending | B88: Packages | C88: Dollars | F88: Number of Orders | G88: Weight | H88: Dollars
A89: 39935 | B89: 505 | C89: 19882.21 | F89: 2 | G89: 6705 | H89: 2392
A90: 39942 | B90: 473 | C90: 16941.61 | F90: 54 | G90: 175636 | H90: 24175.75
A91: 39949 | B91: 506 | C91: 19644.42 | F91: 96 | G91: 225093 | H91: 64548.46
A92: 39956 | B92: 434 | C92: 22835.01 | F92: 99 | G92: 86078 | H92: 35141.44
A93: 39963 | B93: 268 | C93: 9810.32 | F93: 19 | G93: 7331 | H93: 6348.04
A103: May Total | B103: =SUM(B89:B97) -> 2186 | C103: =SUM(C89:C97) -> 89113.57 | F103: =SUM(F89:F102) -> 270 | G103: =SUM(G89:G102) -> 500843 | H103: =SUM(H89:H102) -> 132605.69
A105: June
A106: Week Ending | B106: Packages | C106: Dollars | F106: Number of Orders | G106: Weight | H106: Dollars
A107: 39970 | B107: 494 | C107: 20060.33 | F107: 3 | G107: 10917 | H107: 2673.69
A108: 39977 | B108: 370 | C108: 14649.09 | F108: 57 | G108: 104071 | H108: 25617.29
A109: 39984 | B109: 443 | C109: 17802.78 | F109: 59 | G109: 144738 | H109: 29038.41
A110: 39991 | B110: 417 | C110: 18997.58 | F110: 63 | G110: 69667 | H110: 23456.89
F111: 25 | G111: 68724 | H111: 6017.4
F112: 69 | G112: 43372 | H112: 36675.39
F113: 67 | G113: 110342 | H113: 26187.84
F114: 4 | G114: 2664 | H114: 824.87
F115: 19 | G115: 23866 | H115: 14321.35
F116: 2 | G116: 263 | H116: 379.98
A124: June Total | B124: =SUM(B107:B114) -> 1724 | C124: =SUM(C107:C114) -> 71509.78 | F124: =SUM(F107:F123) -> 368 | G124: =SUM(G107:G123) -> 578624 | H124: =SUM(H107:H123) -> 165193.11
A126: July
A127: Week Ending | B127: Packages | C127: Dollars | F127: Number of Orders | G127: Weight | H127: Dollars
A128: 39998 | B128: 487 | C128: 29695.56 | F128: 74 | G128: 113033 | H128: 37601.89
A129: 40005 | B129: 441 | C129: 17889.95 | F129: 86 | G129: 116949 | H129: 27681.81
A130: 39648 | F130: 103 | G130: 296421 | H130: 53646.37
A131: 39655 | B131: 465 | C131: 19568.28 | F131: 24 | G131: 16614 | H131: 10269.59
F132: 2 | G132: 874 | H132: 124
F133: 1 | G133: 699 | H133: 97.21 | S133: `
F134: 1 | G134: 1546 | H134: 153.07
F135: 3 | G135: 6 | H135: 647.42
A146: July Total | B146: =SUM(B128:B136) -> 1393 | C146: =SUM(C128:C136) -> 67153.79 | F146: =SUM(F128:F145) -> 294 | G146: =SUM(G128:G145) -> 546142 | H146: =SUM(H128:H145) -> 130221.36
A148: August
A149: Week Ending | B149: Packages | C149: Dollars | F149: Number of Orders | G149: Weight | H149: Dollars
A150: 40026 | B150: 409 | C150: 16733.14 | F150: 39 | G150: 53272 | H150: 5387.54
A151: 40033 | B151: 418 | C151: 16210.74 | F151: 77 | G151: 90369 | H151: 26459.57
A152: 40040 | B152: 383 | C152: 14805.98 | F152: 9 | G152: 38454 | H152: 3591
A153: 40047 | B153: 403 | C153: 16333.25 | F153: 91 | G153: 135468 | H153: 44835.78
A154: 40054 | B154: 421 | C154: 16929.03 | F154: 31 | G154: 23448 | H154: 15003.87
F155: 27 | G155: 32553 | H155: 21623.75
F156: 2 | G156: 1665 | H156: 1604.6
...

Sheet Worksheet 2010
A1: UPS | F1: LTL | J1: FED-EX
A3: January
A4: Week Ending | B4: Packages | C4: Dollars | F4: Number of Orders | G4: Weight | H4: Dollars
A5: 40180 | C5: 29226.23 | F5: 33 | G5: 56303 | H5: 5285.66
A6: 40187 | C6: 31531.75 | F6: 53 | G6: 65558 | H6: 14757.38 | J6: 1 | K6: 25.01
A7: 40194 | C7: 25234 | F7: 41 | G7: 42384 | H7: 36237.18
A8: 40201 | C8: 25234 | F8: 51 | G8: 39386 | H8: 26577.94
A9: 40208 | C9: 25746.72 | F9: 129 | G9: 157209 | H9: 50564.66
F10: 8 | G10: 4626 | H10: 5416.62
F11: 9 | G11: 3485 | H11: 1552.96
F12: 1 | G12: 2 | H12: 52.41
F13: 3 | G13: 2029 | H13: 401.3
A18: Jan total | B18: =SUM(B5:B13) -> 0 | C18: =SUM(C5:C13) -> 136972.7 | F18: =SUM(F5:F17) -> 328 | G18: =SUM(G5:G17) -> 370982 | H18: =SUM(H5:H17) -> 140846.11 | J18: =SUM(J6:J17) -> 1 | K18: =SUM(K6:K17) -> 25.01
A20: February
A21: Week Ending | B21: Packages | C21: Dollars | F21: Number of Orders | G21: Weight | H21: Dollars
A22: 40215 | C22: 25154.72 | F22: 29 | G22: 39896 | H22: 4033.68 | J22: 1 | K22: 25.04
A23: 40222 | C23: 24991 | F23: 52 | G23: 65207 | H23: 20720.38
A24: 40229 | C24: 22977.74 | F24: 105 | G24: 106497 | H24: 63493.23 | J24: 1 | K24: 26.17
A25: 40236 | F25: 101 | G25: 103115 | H25: 43553.41
F26: 15 | G26: 5676 | H26: 4326.52
F27: 1 | G27: 618 | H27: 74.03
F28: 1 | G28: 2 | H28: 559.16
F29: 1 | G29: 2 | H29: 11.01
F30: 1 | G30: 2 | H30: 12.24
F31: 2 | G31: 2378 | H31: 297.15
A36: Feb Total | B36: =SUM(B22:B29) -> 0 | C36: =SUM(C22:C29) -> 73123.46 | F36: =SUM(F22:F35) -> 308 | G36: =SUM(G22:G35) -> 323393 | H36: =SUM(H22:H35) -> 137080.81 | J36: =SUM(J22:J35) -> 2 | K36: =SUM(K22:K35) -> 51.21
A38: March
A39: Week Ending | B39: Packages | C39: Dollars | F39: Number of Orders | G39: Weight | H39: Dollars
A40: 40243 | C40: 29225.98 | F40: 60 | G40: 84121 | H40: 28688.33
A41: 40250 | C41: 25504.8 | F41: 79 | G41: 79190 | H41: 34309.19 | J41: 1 | K41: 26.17
A42: 40257 | C42: 27131.52 | F42: 85 | G42: 80742 | H42: 34566.73
A43: 40264 | C43: 38796.01 | F43: 39 | G43: 57115 | H43: 14740.16
F44: 73 | G44: 76182 | H44: 69746.73
F45: 35 | G45: 24865 | H45: 20527.15
A62: Mar Total | B62: =SUM(B40:B49) -> 0 | C62: =SUM(C40:C49) -> 120658.31 | F62: =SUM(F40:F61) -> 371 | G62: =SUM(G40:G61) -> 402215 | H62: =SUM(H40:H61) -> 202578.29 | J62: 1 | K62: =SUM(K39:K61) -> 26.17
A64: April
A65: Week Ending | B65: Packages | C65: Dollars | F65: Number of Orders | G65: Weight | H65: Dollars
A66: 40271 | C66: 27056.09 | F66: 3 | G66: 7652 | H66: 741.79
A67: 40278 | C67: 27847.62 | F67: 82 | G67: 86964 | H67: 38467.16
A68: 40285 | C68: 24855.74 | F68: 63 | G68: 45061 | H68: 35884.87
A69: 40292 | C69: 22136.58 | F69: 75 | G69: 80011 | H69: 30868.32
F70: 85 | G70: 120892 | H70: 33232.3
F71: 1 | G71: 355 | H71: 70
A85: Apr Total | B85: =SUM(B66:B74) -> 0 | C85: =SUM(C66:C74) -> 101896.03 | F85: =SUM(F44:F84) -> 788 | G85: =SUM(G66:G83) -> 340935 | H85: =SUM(H66:H84) -> 139264.44 | K85: =SUM(J85) -> 0
A87: May
A88: Week Ending | B88: Packages | C88: Dollars | F88: Number of Orders | G88: Weight | H88: Dollars
A89: 40299 | B89: 557 | C89: 21635.69 | F89: 74 | G89: 88265 | H89: 28957.13
A90: 40306 | C90: 29210.35 | J90: 1 | K90: 26.29
A91: 40313 | C91: 25817.72
A92: 40320 | C92: 18106.71 | J92: 1 | K92: 26.66
A93: 40327
A103: May Total | B103: =SUM(B89:B97) -> 557 | C103: =SUM(C89:C97) -> 94770.47 | F103: =SUM(F89:F102) -> 74 | G103: =SUM(G89:G102) -> 88265 | H103: =SUM(H89:H102) -> 28957.13 | J103: =SUM(J90:J102) -> 2 | K103: =SUM(K90:K102) -> 52.95
A105: June
A106: Week Ending | B106: Packages | C106: Dollars | G106: Weight | H106: Dollars
A124: June Total | B124: =SUM(B107:B114) -> 0 | C124: =SUM(C107:C114) -> 0 | G124: =SUM(G107:G123) -> 0 | H124: =SUM(H107:H123) -> 0
A126: July
A127: Week Ending | B127: Packages | C127: Dollars | G127: Weight | H127: Dollars
S133: `
A146: July Total | B146: =SUM(B128:B136) -> 0 | C146: =SUM(C128:C136) -> 0 | F146: =SUM(F128:F145) -> 0 | G146: =SUM(G128:G145) -> 0 | H146: =SUM(H128:H145) -> 0
A148: August
A149: Week Ending | B149: Packages | C149: Dollars | F149: Number of Orders | G149: Weight | H149: Dollars
A167: Aug Total | B167: =SUM(B150:B158) -> 0 | C167: =SUM(C150:C158) -> 0 | F167: =SUM(F150:F166) -> 0 | G167: =SUM(G150:G166) -> 0 | H167: =SUM(H150:H166) -> 0
A169: September
A170: Week Ending | B170: Packages | C170: Dollars | F170: Number of Orders | G170: Weight | H170: Dollars
A182: Sept Total | B182: =SUM(B171:B180) -> 0 | C182: =SUM(C171:C178) -> 0 | F182: =SUM(F171:F181) -> 0 | G182: =SUM(G171:G181) -> 0 | H182: =SUM(H171:H181) -> 0
A184: October
A185: Week Ending | B185: Packages | C185: Dollars | F185: Number of Orders | G185: Weight | H185: Dollars
A196: Oct Total | B196: =SUM(B186:B195) -> 0 | C196: =SUM(C186:C195) -> 0 | F196: =SUM(F186:F195) -> 0 | G196: =SUM(G186:G195) -> 0 | H196: =SUM(H186:H195) -> 0 | K196: =SUM(K188:K195) -> 0 | L196: =SUM(L188:L195) -> 0
A198: November
A199: Week Ending | B199: Packages | C199: Dollars | F199: Number of Orders | G199: Weight | H199: Dollars
A208: Nov Total | B208: =SUM(B200:B207) -> 0 | C208: =SUM(C200:C207) -> 0 | F208: =SUM(F200:F207) -> 0 | G208: =SUM(G200:G207) -> 0 | H208: =SUM(H200:H207) -> 0
A210: December
A211: Week Ending | B211: Packages | C211: Dollars | F211: Number of Orders | G211: Weight | H211: Dollars
A223: Dec Total | B223: =SUM(B212:B222) -> 0 | C223: =SUM(C212:C222) -> 0 | F223: =SUM(F212:F222) -> 0 | G223: =SUM(G212:G222) -> 0 | H223: =SUM(H212:H222) -> 0

Sheet Freight 2009-2010
B1: Net Sales | C1: Grand Total $ (Freight) | D1: % of Net Sales | E1: Total Units | F1: Grand Total Shipments** | G1: UPS Boxes | I1: UPS $ | J1: Cost per Box (UPS) | K1: UPS Weight | M1: Fedex Boxes | O1: Fedex$ | P1: Cost per Box ( FEDEX) | Q1: Fedex Weight | R1: UPS/Fedex Weight | T1: UPS/FEDEX $ | V1: Difference $ (ADC VS MDC) | X1: UPS/FED Units *** | Z1: Difference Units (ADC VS MDC) | AB1: LTL Orders | AC1: LTL Weight | AE1: LTL$ | AF1: Cost per Shipment ( LTL)
A3: 39814 | B3: 1.000168e+08 | C3: 202196.89 | D3: 0.0020216292 | E3: 1169614 | F3: 1970 | G3: 1664 | I3: 67362 | J3: 40.481971 | T3: 67362 | X3: 1664 | AB3: 306 | AC3: 526395 | AE3: 134834.89 | AF3: 440.6369
A4: 40179 | B4: 1.3133529e+08 | C4: =SUM(I4,O4,T4) -> 273995.42 | D4: =C4/B4 -> 0.0020862285 | E4: 1305602 | F4: =SUM(G4,M4,AB4) -> 329 | G4: ='Worksheet 2010'!B18 -> 0 | I4: ='Worksheet 2010'!C18 -> 136972.7 | J4: =I4/G4 -> #DIV/0! | M4: ='Worksheet 2010'!J18 -> 1 | O4: ='Worksheet 2010'!K18 -> 25.01 | T4: =SUM(I4,O4) -> 136997.71 | X4: =SUM(G4,M4) -> 1 | AB4: ='Worksheet 2010'!F18 -> 328 | AC4: ='Worksheet 2010'!G18 -> 370982 | AE4: ='Worksheet 2010'!H18 -> 140846.11 | AF4: =AE4/AB4 -> 429.40887
A6: 39845 | B6: 1.0512049e+08 | C6: 221499.3 | D6: 0.0021070991 | E6: 1394613 | F6: 1994 | G6: 1629 | I6: 63549.84 | J6: 39.011565 | T6: 63549.84 | X6: 1629 | AB6: 365 | AC6: 999508 | AE6: 157949.46 | AF6: 432.73825
A7: 40219 | B7: 1.0841425e+08 | C7: =SUM(I7,O7,T7) -> 146349.34 | D7: =C7/B7 -> 0.0013499087 | E7: 984652 | F7: =SUM(G7,M7,AB7) -> 310 | G7: ='Worksheet 2010'!B36 -> 0 | I7: ='Worksheet 2010'!C36 -> 73123.46 | J7: =I7/G7 -> #DIV/0! | M7: ='Worksheet 2010'!J36 -> 2 | O7: ='Worksheet 2010'!K36 -> 51.21 | T7: =SUM(I7,O7) -> 73174.67 | X7: =SUM(G7,M7) -> 2 | AB7: ='Worksheet 2010'!F36 -> 308 | AC7: ='Worksheet 2010'!G36 -> 323393 | AE7: ='Worksheet 2010'!H36 -> 137080.81 | AF7: =AE7/AB7 -> 445.06756
A9: 39873 | B9: 1.4300737e+08 | C9: 409448.6 | D9: 0.0028631294 | E9: 1747620 | F9: 1969 | G9: 1487 | I9: 56929.81 | J9: 38.28501 | M9: 2 | O9: 93.8 | T9: 57023.61 | X9: 1489 | AB9: 480 | AC9: 1067286 | AE9: 352424.99 | AF9: 734.21873
A10: 40238 | B10: 1.3529734e+08 | C10: =SUM(I10,O10,T10) -> 241368.96 | D10: =C10/B10 -> 0.001783989 | E10: 1253261 | F10: =SUM(G10,M10,AB10) -> 372 | G10: ='Worksheet 2010'!B62 -> 0 | I10: ='Worksheet 2010'!C62 -> 120658.31 | J10: =I10/G10 -> #DIV/0! | M10: ='Worksheet 2010'!J62 -> 1 | O10: ='Worksheet 2010'!K62 -> 26.17 | T10: =SUM(I10,O10) -> 120684.48 | X10: =SUM(G10,M10) -> 1 | AB10: ='Worksheet 2010'!F62 -> 371 | AC10: ='Worksheet 2010'!G62 -> 402215 | AE10: ='Worksheet 2010'!H62 -> 202578.29 | AF10: =AE10/AB10 -> 546.03313
A12: 39904 | B12: 1.3063995e+08 | C12: 237106.21 | D12: 0.0018149595 | E12: 1370883 | F12: 3337 | G12: 2293 | I12: 74108.06 | J12: 32.319259 | M12: 1 | O12: 47.25 | T12: 74155.31 | X12: 2294 | AB12: 1043 | AC12: 747618 | AE12: 162950.9 | AF12: 156.23289
A13: 40269 | B13: 1.3582922e+08 | C13: =SUM(I13,O13,T13) -> 203792.06 | D13: =C13/B13 -> 0.001500355 | E13: 1233908 | F13: =SUM(G13,M13,AB13) -> 788 | G13: ='Worksheet 2010'!B85 -> 0 | I13: ='Worksheet 2010'!C85 -> 101896.03 | J13: =I13/G13 -> #DIV/0! | M13: ='Worksheet 2010'!J85 -> 0 | O13: ='Worksheet 2010'!K85 -> 0 | T13: =SUM(I13,O13) -> 101896.03 | X13: =SUM(G13,M13) -> 0 | AB13: ='Worksheet 2010'!F85 -> 788 | AC13: ='Worksheet 2010'!G85 -> 340935 | AE13: ='Worksheet 2010'!H85 -> 139264.44 | AF13: =AE13/AB13 -> 176.73152
A15: 39934 | B15: 1.0941589e+08 | C15: 221719.26 | D15: 0.0020263899 | E15: 1079187 | F15: 2456 | G15: 2186 | I15: 89113.57 | J15: 40.765586 | T15: 89113.57 | X15: 2186 | AB15: 270 | AC15: 500843 | AE15: 132605.69 | AF15: 491.13219
A16: 40299 | B16: 1.2845684e+08 | C16: =SUM(I16,O16,T16) -> 189646.84 | D16: =C16/B16 -> 0.0014763468 | E16: 1184712 | F16: =SUM(G16,M16,AB16) -> 633 | G16: ='Worksheet 2010'!B103 -> 557 | I16: ='Worksheet 2010'!C103 -> 94770.47 | J16: =I16/G16 -> 170.14447 | M16: ='Worksheet 2010'!J103 -> 2 | O16: ='Worksheet 2010'!K103 -> 52.95 | T16: =SUM(I16,O16) -> 94823.42 | X16: =SUM(G16,M16) -> 559 | AB16: ='Worksheet 2010'!F103 -> 74 | AC16: ='Worksheet 2010'!G103 -> 88265 | AE16: ='Worksheet 2010'!H103 -> 28957.13 | AF16: =AE16/AB16 -> 391.31257
A18: 39965 | B18: 1.1507381e+08 | C18: 236702.89 | D18: 0.0020569658 | E18: 1155004 | F18: 2092 | G18: 1724 | I18: 71509.78 | J18: 41.478991 | T18: 71509.78 | X18: 1724 | AB18: 368 | AC18: 578624 | AE18: 165193.11 | AF18: 448.89432
A19: 40330 | C19: =SUM(I19,O19,T19) -> 0 | D19: =C19/B19 -> #DIV/0! | F19: =SUM(G19,M19,AB19) -> 0 | G19: ='Worksheet 2010'!B124 -> 0 | T19: =SUM(I19,O19) -> 0 | X19: =SUM(G19,M19) -> 0 | AF19: =AE19/AB19 -> #DIV/0!
A21: 39995 | B21: 1.2635173e+08 | C21: 197375.15 | D21: 0.0015621088 | E21: 1202463 | F21: 1687 | G21: 1393 | I21: 67153.79 | J21: 48.208033 | T21: 67153.79 | X21: 1393 | AB21: 294 | AC21: 546142 | AE21: 130221.36 | AF21: 442.9298
A23: 40026 | B23: 1.0680306e+08 | C23: 211200.55 | D23: 0.0019774767 | E23: 1089383 | F23: 2390 | G23: 2034 | I23: 81012.14 | J23: 39.828977 | T23: 81012.14 | X23: 2034 | AB23: 356 | AC23: 451722 | AE23: 130188.41 | AF23: 365.69778
A25: 40057 | B25: 1.2009225e+08 | C25: 302857.13 | D25: 0.0025218707 | E25: 1221043 | F25: 1988 | G25: 1602 | I25: 68867.61 | J25: 42.988521 | M25: 2 | O25: 46.76 | T25: 68914.37 | X25: 1604 | AB25: 384 | AC25: 596976 | AE25: 233942.76 | AF25: 609.22594
A27: 40087 | B27: 1.4388218e+08 | C27: 180342.99 | D27: 0.0012534074 | E27: 1352901 | F27: 2250 | G27: 1957 | I27: 85331.27 | J27: 43.603102 | M27: 2 | O27: 46.76 | T27: 85378.03 | X27: 1959 | AB27: 291 | AC27: 358067 | AE27: 94964.959 | AF27: 326.34007
A29: 40118 | B29: 1.2568699e+08 | C29: 292644.17 | D29: 0.0023283569 | E29: 1174335 | F29: 2244 | G29: 1900 | I29: 96356.21 | J29: 50.713795 | M29: 1 | O29: 24.78 | T29: 96380.99 | X29: 1901 | AB29: 343 | AC29: 497238 | AE29: 196263.18 | AF29: 572.19586
A31: 40148 | B31: 1.3209954e+08 | C31: 136616.22 | D31: 0.0010341915 | E31: 1258399 | F31: 2921 | G31: 2850 | I31: 116502.79 | J31: 40.878172 | T31: 116502.79 | X31: 2850 | AB31: 71 | AC31: 89742 | AE31: 20113.43 | AF31: 283.28775
A34: * Shipments
A35: UPS: Packages
A36: LTL: Pallets
A43: UPS MDC ( only) 2000 | I43: 674466.34

Sheet Freight - total 
B1: Net Sales | C1: Grand Total $ (Freight) | D1: % of Net Sales | E1: Total Units | F1: Grand Total Shipments** | G1: UPS Boxes | I1: UPS $ | J1: Cost per Box (UPS) | K1: UPS Weight | M1: Fedex Boxes | O1: Fedex$ | P1: Cost per Box (FEDEX) | Q1: Fedex Weight | R1: UPS/Fedex Weight | T1: UPS/FEDEX $ | V1: Difference $ (ADC VS MDC) | X1: UPS/FED Units *** | Z1: Difference Units (ADC VS MDC) | AB1: LTL Orders | AC1: LTL Weight | AE1: LTL$ | AF1: Cost per Shipment ( LTL) | AH1: Difference $ (ADC vs MDC Grand Total) | AI1: Difference Units (ADC vs MDC Grand Total) | AJ1: B/O Product | AK1: # orders ( x 2) | AL1: Average Cost /Shipment | AM1: O/N Shipment | AN1: Total Average | AO1: Total O/N
A3: ADC Jan 1999 | B3: 7400000 | C3: 87671.01 | D3: 0.011847434 | F3: 4669 | G3: 1606 | I3: 8516.81 | J3: 5.3031196 | K3: 8516.81 | M3: 2812 | O3: 48768.89 | P3: 17.343133 | Q3: 48802 | R3: 57318.81 | T3: 57285.7 | V3: 0 | X3: 4418 | Z3: -2482 | AB3: 251 | AC3: 59451 | AE3: 30385.31 | AF3: 121.05701
A4: ADC Jan 2000 | B4: 7826992.6 | C4: 137398.77 | D4: 0.017554478 | E4: 909758 | F4: 7298 | G4: 3924 | I4: 15127.84 | J4: 3.855209 | K4: 47545.38 | M4: 2976 | O4: 57560.41 | P4: 19.341536 | Q4: 58079 | R4: 105624.38 | T4: 72688.25 | X4: 6900 | AB4: 398 | AC4: 133480.37 | AE4: 64710.52 | AF4: 162.58925
A5: MDC Jan 2001 | B5: 13641310 | C5: 73365.85 | D5: 0.0053782115 | E5: 466018 | F5: 2057 | G5: 1905 | I5: 38953.85 | J5: 20.448215 | T5: 38953.85 | X5: 1905 | AB5: 152 | AC5: 64991 | AE5: 34412 | AF5: 226.39474
A6: MDC Jan 2002 | B6: 34731081 | C6: 136306.97 | D6: 0.0039246394 | E6: 805305 | F6: 7975 | G6: 7753 | I6: 79111.56 | J6: 10.203993 | M6: 16 | O6: 675.1 | P6: 42.19375 | T6: 79786.66 | X6: 7769 | AB6: 206 | AC6: 58753 | AE6: 56520.31 | AF6: 274.37044
A7: MDC Jan 2003 | B7: 64075075 | C7: 254354.97 | D7: 0.0039696399 | E7: 1004762 | F7: 7590 | G7: 6983 | I7: 89992.76 | J7: 12.887407 | T7: 89992.76 | X7: 6983 | AB7: 607 | AC7: 358240 | AE7: 164362.21 | AF7: 270.77794
A8: MDC Jan 2004 | B8: 83549000 | C8: 341593.53 | D8: 0.0040885412 | E8: 1397122 | F8: 7921 | G8: 7355 | I8: 147372.5 | J8: 20.03705 | T8: 147372.5 | X8: 7355 | AB8: 566 | AC8: 413229 | AE8: 194221.03 | AF8: 343.1467
A9: MDC Jan 2005 | B9: 55669433 | C9: 157015.23 | D9: 0.0028204927 | E9: 807575 | F9: 4216 | G9: 4059 | I9: 80599.53 | J9: 19.856992 | T9: 80599.53 | X9: 4059 | AB9: 157 | AC9: 242465 | AE9: 76415.7 | AF9: 486.7242
A10: MDC Jan 2006 | B10: 65062458 | C10: 310711.39 | D10: 0.0047755864 | E10: 974900 | F10: 4037 | G10: 3571 | I10: 60334.97 | J10: 16.895819 | M10: 0 | O10: 0 | T10: 60334.97 | X10: 3571 | AB10: 466 | AC10: 541835 | AE10: 250376.42 | AF10: 537.28845
A11: MDC Jan 2007 | B11: 75469565 | C11: 183877.04 | D11: 0.0024364397 | E11: 867354 | F11: 2233 | G11: 1833 | I11: 34341.23 | J11: 18.734986 | M11: 0 | O11: 0 | T11: 34341.23 | X11: 1833 | AB11: 400 | AC11: 479034 | AE11: 149535.81 | AF11: 373.83952
A12: MDC Jan 2008 | B12: 96198920 | C12: 170894.66 | D12: 0.0017764717 | E12: 885123 | F12: 1800 | G12: 1485 | I12: 28774.05 | J12: 19.376465 | T12: 28774.05 | X12: 1485 | AB12: 315 | AC12: 495654 | AE12: 142120.61 | AF12: 451.17654
A13: MDC Jan 2009 | B13: 1.000168e+08 | C13: 202196.89 | D13: 0.0020216292 | E13: 1169614 | F13: 1970 | G13: 1664 | H13: 0 | I13: 67362 | J13: 40.481971 | K13: 0 | L13: 0 | M13: 0 | N13: 0 | O13: 0 | P13: 0 | Q13: 0 | R13: 0 | S13: 0 | T13: 67362 | U13: 0 | V13: 0 | W13: 0 | X13: 1664 | Y13: 0 | Z13: 0 | AA13: 0 | AB13: 306 | AC13: 526395 | AD13: 0 | AE13: 134834.89 | AF13: 440.6369
A14: 40179 | B14: ='Freight 2009-2010'!B4 -> 1.3133529e+08 | C14: ='Freight 2009-2010'!C4 -> 273995.42 | D14: ='Freight 2009-2010'!D4 -> 0.0020862285 | E14: ='Freight 2009-2010'!E4 -> 1305602 | F14: ='Freight 2009-2010'!F4 -> 329 | G14: ='Freight 2009-2010'!G4 -> 0 | I14: ='Freight 2009-2010'!I4 -> 136972.7 | J14: ='Freight 2009-2010'!J4 -> #DIV/0! | K14: ='Freight 2009-2010'!K4 -> 0 | L14: ='Freight 2009-2010'!L4 -> 0 | M14: ='Freight 2009-2010'!M4 -> 1 | N14: ='Freight 2009-2010'!N4 -> 0 | O14: ='Freight 2009-2010'!O4 -> 25.01 | P14: ='Freight 2009-2010'!P4 -> 0 | ... AF14: ='Freight 2009-2010'!AF4 -> 429.40887
A16: ADC Feb 1999 | B16: 10487000 | C16: 37863.35 | D16: 0.0036105035 | F16: 3408 | G16: 2833 | I16: 12155.1 | J16: 4.2905401 | K16: 31967.3 | M16: 356 | O16: 6774.25 | P16: 19.028792 | Q16: 6464 | R16: 38431.3 | T16: 18929.35 | V16: 0 | X16: 3189 | Z16: -4457 | AB16: 219 | AC16: 48725 | AE16: 18934 | AF16: 86.456621
A17: ADC Feb 2000 | B17: 8131359.8 | C17: 74472.46 | D17: 0.0091586723 | E17: 970965 | F17: 7944 | G17: 5691 | I17: 11802.86 | J17: 2.0739519 | K17: 32547.19 | M17: 1955 | O17: 37365.6 | P17: 19.112839 | Q17: 34971 | R17: 67518.19 | T17: 49168.46 | X17: 7646 | AB17: 298 | AC17: 163911 | AE17: 25304 | AF17: 84.912752
A18: MDC Feb 2001 | B18: 9544805 | C18: 69678.99 | D18: 0.0073002005 | E18: 389763 | F18: 4363 | G18: 4290 | I18: 47056.57 | J18: 10.968897 | O18: 291.78 | T18: 47348.35 | X18: 4290 | AB18: 73 | AC18: 34808 | AE18: 22330.64 | AF18: 305.89918
A19: MDC Feb 2002 | B19: 26001715 | C19: 85313.19 | D19: 0.0032810601 | E19: 427195 | F19: 4227 | G19: 4085 | I19: 45303.87 | J19: 11.090299 | M19: 6 | P19: 215.57 | T19: 45303.87 | X19: 4091 | AB19: 136 | AC19: 56649 | AE19: 40009.32 | AF19: 294.18618
A20: MDC Feb 2003 | B20: 49389005 | C20: 195541.58 | D20: 0.0039592128 | E20: 789649 | F20: 5152 | G20: 4713 | I20: 97265.59 | J20: 20.637723 | T20: 97265.59 | X20: 4713 | AB20: 439 | AC20: 207093 | AE20: 98275.99 | AF20: 223.8633
A21: MDC Feb 2004 | B21: 53403528 | C21: 192709.75 | D21: 0.0036085584 | E21: 793259 | F21: 5002 | G21: 4570 | I21: 58406.39 | J21: 12.780392 | M21: 2 | O21: 19.38 | T21: 58425.77 | X21: 4572 | AB21: 430 | AC21: 427269 | AE21: 134283.98 | AF21: 312.28833
A22: MDC Feb 2005 | B22: 32347055 | C22: 180922.97 | D22: 0.0055931822 | E22: 640148 | F22: 5113 | G22: 4758 | I22: 64437.28 | J22: 13.542934 | T22: 64437.28 | X22: 4758 | AB22: 355 | AC22: 337913 | AE22: 116485.69 | AF22: 328.1287
A23: MDC Feb 2006 | B23: 64339939 | C23: 252806.24 | D23: 0.0039292272 | E23: 893205 | F23: 4159 | G23: 3706 | I23: 57676.68 | J23: 15.563055 | T23: 57676.68 | X23: 3706 | AB23: 453 | AC23: 534947 | AE23: 195129.56 | AF23: 430.74958
A24: MDC Feb 2007 | B24: 75547676 | C24: 120775.66 | D24: 0.0015986681 | E24: 819664 | F24: 1982 | G24: 1735 | I24: 30727.03 | J24: 17.710104 | T24: 30727.03 | X24: 1735 | AB24: 247 | AC24: 261660 | AE24: 90048.63 | AF24: 364.56935
A25: MDC Feb 2008 | B25: 86737515 | C25: 144724.78 | D25: 0.0016685373 | E25: 870275 | F25: 2008 | G25: 1692 | I25: 30171.95 | J25: 17.832122 | T25: 30171.95 | X25: 1692 | AB25: 316 | AC25: 455121 | AE25: 114552.83 | AF25: 362.50896
A26: MDC Feb 2009 | B26: 1.0512049e+08 | C26: 221499.3 | D26: 0.0021070991 | E26: 1394613 | F26: 1994 | G26: 1629 | H26: 0 | I26: 63549.84 | J26: 39.011565 | K26: 0 | L26: 0 | M26: 0 | N26: 0 | O26: 0 | P26: 0 | Q26: 0 | R26: 0 | S26: 0 | T26: 63549.84 | U26: 0 | V26: 0 | W26: 0 | X26: 1629 | Y26: 0 | Z26: 0 | AA26: 0 | AB26: 365 | AC26: 999508 | AD26: 0 | AE26: 157949.46 | AF26: 432.73825
A27: 40210 | B27: ='Freight 2009-2010'!B7 -> 1.0841425e+08 | C27: ='Freight 2009-2010'!C7 -> 146349.34 | D27: ='Freight 2009-2010'!D7 -> 0.0013499087 | E27: ='Freight 2009-2010'!E7 -> 984652 | F27: ='Freight 2009-2010'!F7 -> 310 | G27: ='Freight 2009-2010'!G7 -> 0 | H27: ='Freight 2009-2010'!H7 -> 0 | I27: ='Freight 2009-2010'!I7 -> 73123.46 | ... AF27: ='Freight 2009-2010'!AF7 -> 445.06756
A29: ADC March 1999 | B29: 10200000 | C29: 128393.25 | D29: 0.012587574 | E29: 464105 | F29: 7141 | G29: 2539 | I29: 11330.21 | J29: 4.4624695 | K29: 26052.35 | M29: 4326 | O29: 81674.65 | P29: 18.879947 | Q29: 80147 | R29: 106199.35 | T29: 93004.86 | V29: 0 | X29: 6865 | Z29: 3962 | AB29: 276 | AC29: 79292.05 | AE29: 35388.39 | AF29: 128.2188
A30: ADC March 2000 | B30: 8100261 | C30: 43895.35 | D30: 0.0054190044 | E30: 719507 | F30: 2958 | G30: 1502 | I30: 5886.3 | J30: 3.9189747 | K30: 16389.21 | M30: 1401 | O30: 30457.08 | P30: 21.739529 | Q30: 27723 | R30: 44112.21 | T30: 36343.38 | V30: 15610.13 | X30: 2903 | Z30: 830 | AB30: 55 | AC30: 13404 | AE30: 7551.97 | AF30: 137.30855 | AH30: 21432.69 | AI30: 878
A31: MDC March 2000 | B31: 2860931 | C31: 22462.66 | D31: 0.0078515211 | E31: 464105 | F31: 2080 | G31: 2073 | I31: 20733.25 | J31: 10.001568 | T31: 20733.25 | X31: 2073 | AB31: 7 | AC31: 3588 | AE31: 1729.41 | AF31: 247.05857
A32: MDC March 2001 | B32: 16445897 | C32: 82428.85 | D32: 0.0050121225 | E32: 464105 | F32: 3282 | G32: 3145 | I32: 50786.19 | J32: 16.148232 | O32: 364.78 | T32: 51150.97 | X32: 3145 | AB32: 137 | AC32: 51295 | AE32: 31277.88 | AF32: 228.30569
A33: MDC March 2002 | B33: 26222268 | C33: 47632.28 | D33: 0.0018164821 | E33: 383406 | F33: 10990 | G33: 10784 | I33: 43048.67 | J33: 3.9919019 | O33: 55.56 | T33: 43104.23 | X33: 10784 | AB33: 206 | AC33: 38633 | AE33: 4528.05 | AF33: 21.980825
A34: MDC March 2003 | B34: 46282727 | C34: 213091.23 | D34: 0.00460412 | E34: 857054 | F34: 4618 | G34: 4110 | I34: 71330.69 | J34: 17.355399 | T34: 71330.69 | X34: 4110 | AB34: 508 | AC34: 274920 | AE34: 141760.54 | AF34: 279.05618
A35: MDC March 2004 | B35: 33154203 | C35: 113620.32 | D35: 0.0034270261 | E35: 611930 | F35: 3924 | G35: 3683 | I35: 43775.81 | J35: 11.885911 | M35: 2 | O35: 19.7 | T35: 43795.51 | X35: 3685 | AB35: 239 | AC35: 126002 | AE35: 69824.81 | AF35: 292.15402
A36: MDC March 2005 | B36: 45238681 | C36: 220374.8 | D36: 0.0048713799 | E36: 707379 | F36: 5223 | G36: 4843 | I36: 64027 | J36: 13.220524 | T36: 64027 | X36: 4843 | AB36: 380 | AC36: 434353 | AE36: 156347.8 | AF36: 411.44158
A37: MDC March 2006 | B37: 84503070 | C37: 326433.61 | D37: 0.0038629793 | E37: 1172205 | F37: 4071 | G37: 3582 | I37: 55620.6 | J37: 15.527806 | T37: 55620.6 | X37: 3582 | AB37: 489 | AC37: 585985 | AE37: 270813.01 | AF37: 553.80984
A38: MDC March 2007 | B38: 90619680 | C38: 238475.09 | D38: 0.0026316037 | E38: 998516 | F38: 2683 | G38: 2332 | I38: 48835.89 | J38: 20.941634 | T38: 48835.89 | X38: 2332 | AB38: 351 | AC38: 408330 | AE38: 189639.2 | AF38: 540.28262
A39: MDC March 2008 | B39: 1.1266421e+08 | C39: 252902.65 | D39: 0.002244747 | E39: 1249899 | F39: 2678 | G39: 2317 | I39: 50864.24 | J39: 21.952628 | T39: 50864.24 | X39: 2317 | AB39: 361 | AC39: 517632 | AE39: 202038.41 | AF39: 559.66319
A40: MDC March 2009 | B40: 1.4300737e+08 | C40: 409448.6 | D40: 0.0028631294 | E40: 1747620 | F40: 1969 | G40: 1487 | H40: 0 | I40: 56929.81 | J40: 38.28501 | K40: 0 | L40: 0 | M40: 2 | N40: 0 | O40: 93.8 | P40: 0 | Q40: 0 | R40: 0 | S40: 0 | T40: 57023.61 | U40: 0 | V40: 0 | W40: 0 | X40: 1489 | Y40: 0 | Z40: 0 | AA40: 0 | AB40: 480 | AC40: 1067286 | AD40: 0 | AE40: 352424.99 | AF40: 734.21873
A41: 40238 | B41: ='Freight 2009-2010'!B10 -> 1.3529734e+08 | C41: ='Freight 2009-2010'!C10 -> 241368.96 | D41: ='Freight 2009-2010'!D10 -> 0.001783989 | E41: ='Freight 2009-2010'!E10 -> 1253261 | F41: ='Freight 2009-2010'!F10 -> 372 | G41: ='Freight 2009-2010'!G10 -> 0 | H41: ='Freight 2009-2010'!H10 -> 0 | I41: ='Freight 2009-2010'!I10 -> 120658.31 | ... AF41: ='Freight 2009-2010'!AF10 -> 546.03313
A43: ADC April 1999 | B43: 3757200 | C43: 72319.66 | D43: 0.019248286 | E43: 415564 | F43: 4888 | G43: 2384 | I43: 11478.37 | J43: 4.8147525 | K43: 21176.36 | M43: 2349 | O43: 43605.07 | P43: 18.563248 | Q43: 39821 | R43: 60997.36 | T43: 55083.44 | V43: 12624.65 | X43: 4733 | Z43: 2051 | AB43: 155 | AC43: 24832 | AE43: 17236.22 | AF43: 111.20142 | AH43: 15368.89 | AI43: 2133
A44: MDC April 2000 | B44: 12563556 | C44: 56950.77 | D44: 0.0045330136 | E44: 731336 | F44: 2755 | G44: 2682 | I44: 42458.79 | J44: 15.831018 | T44: 42458.79 | X44: 2682 | AB44: 73 | AC44: 24251 | AE44: 14491.98 | AF44: 198.52027
A45: MDC April 2001 | B45: 18358000 | C45: 78922.99 | D45: 0.0042991061 | E45: 498898 | F45: 4472 | G45: 4329 | I45: 44001.4 | J45: 10.164334 | O45: 345.23 | T45: 44346.63 | X45: 4329 | AB45: 143 | AC45: 54656 | AE45: 34576.36 | AF45: 241.79273
A46: MDC April 2002 | B46: 40634107 | C46: 152976.48 | D46: 0.0037647309 | E46: 859868 | F46: 7080 | G46: 6741 | I46: 71358.86 | J46: 10.585797 | O46: 91.77 | T46: 71450.63 | X46: 6741 | AB46: 339 | AC46: 140425 | AE46: 81525.85 | AF46: 240.48923
A47: MDC April 2003 | B47: 67316572 | C47: 321220.4 | D47: 0.0047717879 | E47: 1027876 | F47: 6085 | G47: 5410 | I47: 120179.7 | J47: 22.214362 | T47: 120179.7 | X47: 5410 | AB47: 675 | AC47: 388292 | AE47: 201040.7 | AF47: 297.83807
A48: MDC April 2004 | B48: 47571094 | C48: 174821.04 | D48: 0.0036749426 | E48: 887335 | F48: 4057 | G48: 3698 | I48: 55705.92 | J48: 15.063797 | M48: 2 | O48: 19.52 | T48: 55725.44 | X48: 3700 | AB48: 357 | AC48: 262230 | AE48: 119095.6 | AF48: 333.60112
A49: MDC April 2005 | B49: 40375039 | C49: 221392.7 | D49: 0.0054834052 | E49: 607276 | F49: 5530 | G49: 5151 | I49: 68351 | J49: 13.269462 | T49: 68351 | X49: 5151 | AB49: 379 | AC49: 536011.64 | AE49: 153041.7 | AF49: 403.80396
A50: MDC April 2006 | B50: 62385464 | C50: 169469.29 | D50: 0.0027164868 | E50: 860909 | F50: 3580 | G50: 3314 | I50: 61703.89 | J50: 18.619158 | T50: 61703.89 | X50: 3314 | AB50: 266 | AC50: 283678 | AE50: 107765.4 | AF50: 405.13308
A51: MDC April 2007 | B51: 74150071 | C51: 156667 | D51: 0.0021128368 | E51: 790246 | F51: 1994 | G51: 1682 | I51: 26201.16 | J51: 15.577384 | T51: 26201.16 | X51: 1682 | AB51: 312 | AC51: 428863 | AE51: 130465.84 | AF51: 418.15974
A52: MDC April 2008 | B52: 103351855 | C52: 153353.86 | D52: 0.0017485973 | E52: 1058319 | F52: 2121 | G52: 1808 | I52: 33948.5 | J52: 18.776825 | T52: 33948.5 | X52: 1808 | AB52: 313 | AC52: 448339 | AE52: 119405.36 | AF52: 381.48677
A53: MDC April 2009 | B53: 1.3063995e+08 | C53: 237106.21 | D53: 0.0018149595 | E53: 1370883 | F53: 3337 | G53: 2293 | H53: 0 | I53: 74108.06 | J53: 32.319259 | K53: 0 | L53: 0 | M53: 1 | N53: 0 | O53: 47.25 | P53: 0 | Q53: 0 | R53: 0 | S53: 0 | T53: 74155.31 | U53: 0 | V53: 0 | W53: 0 | X53: 2294 | Y53: 0 | Z53: 0 | AA53: 0 | AB53: 1043 | AC53: 747618 | AD53: 0 | AE53: 162950.9 | AF53: 156.23289
A54: 40269 | B54: ='Freight 2009-2010'!B13 -> 1.3582922e+08 | C54: ='Freight 2009-2010'!C13 -> 203792.06 | D54: ='Freight 2009-2010'!D13 -> 0.001500355 | E54: ='Freight 2009-2010'!E13 -> 1233908 | F54: ='Freight 2009-2010'!F13 -> 788 | G54: ='Freight 2009-2010'!G13 -> 0 | H54: ='Freight 2009-2010'!H13 -> 0 | I54: ='Freight 2009-2010'!I13 -> 101896.03 | ... AF54: ='Freight 2009-2010'!AF13 -> 176.73152
A56: ADC May 1999 | B56: 8594563 | C56: 45488.86 | D56: 0.0052927485 | E56: 449115 | F56: 5322 | G56: 4482 | I56: 20417.15 | J56: 4.5553659 | K56: 40104.63 | M56: 690 | O56: 11080.5 | P56: 16.058696 | Q56: 8533 | R56: 48637.63 | T56: 31497.65 | V56: -20815.43 | X56: 5172 | Z56: 1359 | AB56: 150 | AC56: 32695 | AE56: 13991.21 | AF56: 93.274733 | AH56: -27649.49 | AI56: 1362
A57: MDC May 2000 | B57: 13286255 | C57: 73138.35 | D57: 0.0055048131 | E57: 489075 | F57: 3960 | G57: 3813 | I57: 52313.08 | J57: 13.719664 | T57: 52313.08 | X57: 3813 | AB57: 147 | AC57: 45874 | AE57: 20825.27 | AF57: 141.6685
A58: MDC May 2001 | B58: 26759272 | C58: 83533.77 | D58: 0.0031216757 | E58: 568352 | F58: 5577 | G58: 5473 | I58: 50874.91 | J58: 9.2956167 | O58: 224.12 | T58: 51099.03 | X58: 5473 | AB58: 104 | AC58: 57324 | AE58: 32434.74 | AF58: 311.8725
A59: MDC May 2002 | B59: 41539482 | C59: 158740.16 | D59: 0.0038214285 | E59: 788868 | F59: 3848 | G59: 3500 | I59: 58474.38 | J59: 16.706966 | O59: 103.76 | T59: 58578.14 | X59: 3500 | AB59: 348 | AC59: 82658 | AE59: 100162.02 | AF59: 287.8219
A60: MDC May 2003 | B60: 58458555 | C60: 266162.53 | D60: 0.0045530125 | E60: 832727 | F60: 6394 | G60: 5803 | I60: 99825.95 | J60: 17.202473 | T60: 99825.95 | X60: 5803 | AB60: 591 | AC60: 377133 | AE60: 166336.58 | AF60: 281.44937
A61: MDC May 2004 | B61: 35062747 | C61: 154261.67 | D61: 0.0043995888 | E61: 682886 | F61: 4802 | G61: 4470 | I61: 60662.77 | J61: 13.571089 | M61: 2 | O61: 19.62 | T61: 60682.39 | X61: 4472 | AB61: 330 | AC61: 218810 | AE61: 93579.28 | AF61: 283.57358
A62: MDC May 2005 | B62: 54129961 | C62: 264919.21 | D62: 0.0048941327 | E62: 704925 | F62: 5837 | G62: 5461 | I62: 75193.58 | J62: 13.769196 | T62: 75193.58 | X62: 5461 | AB62: 376 | AC62: 632454 | AE62: 189725.63 | AF62: 504.58944
A63: MDC May 2006 | B63: 77755566 | C63: 129853.16 | D63: 0.0016700176 | E63: 1045192 | F63: 2072 | G63: 1842 | I63: 38464.74 | J63: 20.882052 | T63: 38464.74 | X63: 1842 | AB63: 230 | AC63: 269448 | AE63: 91388.42 | AF63: 397.34096
A64: MDC May 2007 | B64: 91102018 | C64: 114965.38 | D64: 0.0012619411 | E64: 953091 | F64: 1900 | G64: 1682 | I64: 25969.39 | J64: 15.43959 | T64: 25969.39 | X64: 1682 | AB64: 218 | AC64: 262963 | AE64: 88995.99 | AF64: 408.23849
A65: MDC May 2008 | B65: 103915729 | C65: 152403.64 | D65: 0 | E65: 982234 | F65: 1907 | G65: 1634 | I65: 40657.99 | J65: 24.882491 | T65: 40657.99 | X65: 1634 | AB65: 273 | AC65: 341231 | AE65: 111745.65 | AF65: 409.32473
A66: MDC May 2009 | B66: 1.0941589e+08 | C66: 221719.26 | D66: 0.0020263899 | E66: 1079187 | F66: 2456 | G66: 2186 | H66: 0 | I66: 89113.57 | J66: 40.765586 | K66: 0 | L66: 0 | M66: 0 | N66: 0 | O66: 0 | P66: 0 | Q66: 0 | R66: 0 | S66: 0 | T66: 89113.57 | U66: 0 | V66: 0 | W66: 0 | X66: 2186 | Y66: 0 | Z66: 0 | AA66: 0 | AB66: 270 | AC66: 500843 | AD66: 0 | AE66: 132605.69 | AF66: 491.13219
A67: 40299 | B67: ='Freight 2009-2010'!B16 -> 1.2845684e+08 | C67: ='Freight 2009-2010'!C16 -> 189646.84 | D67: ='Freight 2009-2010'!D16 -> 0.0014763468 | E67: ='Freight 2009-2010'!E16 -> 1184712 | F67: ='Freight 2009-2010'!F16 -> 633 | G67: ='Freight 2009-2010'!G16 -> 557 | H67: ='Freight 2009-2010'!H16 -> 0 | I67: ='Freight 2009-2010'!I16 -> 94770.47 | ... AF67: ='Freight 2009-2010'!AF16 -> 391.31257
A69: ADC June 1999 | B69: 10228251 | C69: 87150.78 | D69: 0.0085205946 | E69: 601549 | F69: 7197 | G69: 5027 | I69: 19238.57 | J69: 3.8270479 | K69: 43279.31 | M69: 1875 | O69: 33217.38 | P69: 17.715936 | Q69: 32237 | R69: 75516.31 | T69: 52455.95 | V69: -52126.28 | X69: 6902 | Z69: 452 | AB69: 295 | AC69: 73669 | AE69: 34694.83 | AF69: 117.60959 | AH69: -48958.65 | AI69: 572 | AJ69: Endocet 100 | AK69: 920 | AL69: 30 | AM69: 45 | AN69: 27600 | AO69: 41400
A70: MDC June 2000 | B70: 15267925 | C70: 136109.43 | D70: 0.0089147301 | E70: 556915 | F70: 6625 | G70: 6450 | I70: 104582.23 | J70: 16.214299 | T70: 104582.23 | X70: 6450 | AB70: 175 | AC70: 31693 | AE70: 31527.2 | AF70: 180.15543 | AJ70: Endocet 500 | AK70: 445 | AL70: 30 | AM70: 45 | AN70: 13350 | AO70: 20025
A71: MDC June 2001 | B71: 24693147 | C71: 112950.18 | D71: 0.0045741509 | E71: 626487 | F71: 7443 | G71: 7308 | I71: 74544.88 | J71: 10.200449 | O71: 195.32 | T71: 74740.2 | X71: 7308 | AB71: 135 | AC71: 70959 | AE71: 38209.98 | AF71: 283.03689
A72: MDC June 2002 | B72: 31762811 | C72: 162487.85 | D72: 0.0051156634 | E72: 673857 | F72: 5242 | G72: 4933 | I72: 54416.67 | J72: 11.031151 | T72: 54416.67 | X72: 4933 | AB72: 309 | AC72: 143358 | AE72: 108071.18 | AF72: 349.74492
A73: MDC June 2003 | B73: 36560535 | C73: 166491.68 | D73: 0.0045538633 | E73: 562038 | F73: 4053 | G73: 3635 | I73: 55780.24 | J73: 15.34532 | T73: 55780.24 | X73: 3635 | AB73: 418 | AC73: 277180 | AE73: 110711.44 | AF73: 264.8599
A74: MDC June 2004 | B74: 49136656 | C74: 166913.71 | D74: 0.0033969285 | E74: 788024 | F74: 3893 | G74: 3511 | I74: 45685.37 | J74: 13.012068 | M74: 3 | O74: 29.43 | T74: 45714.8 | X74: 3514 | AB74: 379 | AC74: 315104 | AE74: 121198.91 | AF74: 319.78604
A75: MDC June 2005 | B75: 1.0554042e+08 | C75: 587781.57 | D75: 0.0055692558 | E75: 1344228 | F75: 6233 | G75: 5884 | I75: 88749.79 | J75: 15.083241 | M75: 0 | O75: 0 | P75: 0 | Q75: 0 | R75: 0 | T75: 88749.79 | X75: 5884 | AB75: 349 | AC75: 375568 | AE75: 499031.78 | AF75: 1429.8905
A76: MDC June 2006 | B76: 84651527 | C76: 255026.06 | D76: 0.0030126575 | E76: 1122425 | F76: 2866 | G76: 2512 | I76: 44905.57 | J76: 17.876421 | T76: 44905.57 | X76: 2512 | AB76: 354 | AC76: 415528 | AE76: 210120.49 | AF76: 593.56071
A77: MDC June 2007 | B77: 92514978 | C77: 215551.9 | D77: 0.0023299135 | E77: 1003125 | F77: 2518 | G77: 2145 | I77: 40376.99 | J77: 18.823772 | T77: 40376.99 | X77: 2145 | AB77: 373 | AC77: 575892 | AE77: 175174.91 | AF77: 469.63783
A78: MDC June 2008 | B78: 94695546 | C78: 151501.5 | D78: 0.0015998799 | E78: 948993 | F78: 1251 | G78: 1009 | I78: 44164.08 | J78: 43.770149 | T78: 44164.08 | X78: 1009 | AB78: 242 | AC78: 300528 | AE78: 107337.42 | AF78: 443.54306
A79: 39965 | B79: 1.1507381e+08 | C79: 236702.89 | D79: 0.0020569658 | E79: 1155004 | F79: 2092 | G79: 1724 | I79: 71509.78 | J79: 41.478991 | T79: 71509.78 | X79: 1724 | AB79: 368 | AC79: 578624 | AE79: 165193.11 | AF79: 448.89432
A80: 40330
A82: ADC July 1999 | B82: 9106067 | C82: 48372.45 | D82: 0.0053121122 | E82: 447276 | F82: 6158 | G82: 4643 | I82: 14454.09 | J82: 3.1130928 | K82: 35154.18 | M82: 1337 | O82: 23253.72 | P82: 17.392461 | Q82: 23719 | R82: 58873.18 | T82: 37707.81 | V82: -16377.84 | X82: 5980 | Z82: 1382 | AB82: 178 | AC82: 24730 | AE82: 10664.64 | AF82: 59.913708 | AH82: -21170.37 | AI82: 1475 | AJ82: Percocet UD | AK82: 441 | AL82: 20 | AM82: 45 | AN82: 8820 | AO82: 19845
A83: MDC July 2000 | B83: 10725689 | C83: 69542.82 | D83: 0.0064837625 | E83: 467800 | F83: 4683 | G83: 4598 | I83: 54085.65 | J83: 11.762864 | T83: 54085.65 | X83: 4598 | AB83: 85 | AC83: 27536 | AE83: 15457.17 | AF83: 181.84906 | AJ83: Endocet 100 | AK83: 369 | AL83: 30 | AM83: 45 | AN83: 11070 | AO83: 16605
A84: MDC July 2001 | B84: 18099600 | C84: 73761.55 | D84: 0.0040753138 | E84: 432580 | F84: 7343 | G84: 7279 | I84: 53994.59 | J84: 7.4178582 | O84: 141.69 | T84: 54136.28 | X84: 7279 | AB84: 64 | AC84: 39392 | AE84: 19625.27 | AF84: 306.64484
A85: MDC July 2002 | B85: 44243312 | C85: 154377.9 | D85: 0.0034892935 | E85: 799318 | F85: 6140 | G85: 5725 | I85: 54815.79 | J85: 9.5748105 | O85: 27.18 | T85: 54842.97 | X85: 5725 | AB85: 415 | AC85: 215079 | AE85: 99534.93 | AF85: 239.8432
A86: MDC July 2003 | B86: 84272832 | C86: 363145.95 | D86: 0.0043091699 | E86: 1367487 | F86: 6211 | G86: 5469 | I86: 97404.76 | J86: 17.810342 | T86: 97404.76 | X86: 5469 | AB86: 742 | AC86: 501753 | AE86: 265741.19 | AF86: 358.14177
A87: MDC July 2004 | B87: 47519402 | C87: 226126.69 | D87: 0.0047586182 | E87: 809842 | F87: 4412 | G87: 3909 | I87: 68634.73 | J87: 17.55813 | M87: 2 | O87: 19.88 | T87: 68654.61 | X87: 3911 | AB87: 501 | AC87: 352691 | AE87: 157472.08 | AF87: 314.31553
A88: MDC July 2005 | B88: 1.0134803e+08 | C88: 407967.63 | D88: 0.0040254125 | E88: 1236586 | F88: 7543 | G88: 7022 | I88: 107128.91 | J88: 15.256182 | M88: 1 | O88: 4008.98 | P88: 4008.98 | T88: 111137.89 | X88: 7023 | AB88: 520 | AC88: 593093 | AE88: 296829.74 | AF88: 570.82642
A89: MDC July 2006 | B89: 58753955 | C89: 273394.89 | D89: 0.0046532168 | E89: 728369 | F89: 2566 | G89: 2286 | I89: 43575.95 | J89: 19.062095 | M89: 41 | O89: 80362.42 | P89: 1960.059 | T89: 123938.37 | X89: 2327 | AB89: 239 | AC89: 258323 | AE89: 149456.52 | AF89: 625.34109
A90: MDC July 2007 | B90: 82765367 | C90: 144723.3 | D90: 0.0017485973 | E90: 815342 | F90: 2142 | G90: 1778 | I90: 31434.36 | J90: 17.679618 | T90: 31434.36 | X90: 1778 | AB90: 364 | AC90: 395338 | AE90: 113288.94 | AF90: 311.23335 | AJ90: Endocet 500 | AK90: 117 | AL90: 30 | AM90: 45 | AN90: 3510 | AO90: 5265
A91: MDC July 2008 | B91: 1.1969161e+08 | C91: 152343.13 | D91: 0.0012727971 | E91: 1175719 | F91: 1752 | G91: 1461 | I91: 48706.01 | J91: 33.337447 | T91: 48706.01 | X91: 1461 | AB91: 291 | AC91: 304176 | AE91: 103637.12 | AF91: 356.14131
A92: 39995 | B92: 1.2635173e+08 | C92: 197375.15 | D92: 0.0015621088 | E92: 1202463 | F92: 1687 | G92: 1393 | I92: 67153.79 | J92: 48.208033 | T92: 67153.79 | X92: 1393 | AB92: 294 | AC92: 546142 | AE92: 130188.41 | AF92: 442.81772
A94: ADC August 1999 | B94: 8429545 | C94: 37943.211 | D94: 0.004501217 | E94: 413844 | F94: 3912 | G94: 2944 | I94: 8045.141 | J94: 2.7327245 | K94: 21528.02 | M94: 741 | O94: 14691.99 | P94: 19.827247 | Q94: 15207 | R94: 36735.02 | T94: 22737.131 | V94: -98600.809 | X94: 3685 | Z94: -7280 | AB94: 227 | AC94: 43475.75 | AE94: 15206.08 | AF94: 66.987137 | AH94: -103534.57 | AI94: -7124 | AJ94: Percocet UD | AK94: 249 | AL94: 20 | AM94: 45 | AN94: 4980 | AO94: 11205
A95: MDC August 2000 | B95: 18511426 | C95: 141477.78 | D95: 0.0076427273 | E95: 593269 | F95: 11036 | G95: 10965 | I95: 121337.94 | J95: 11.065932 | T95: 121337.94 | X95: 10965 | AB95: 71 | AC95: 18299 | AE95: 20139.84 | AF95: 283.65972 | AJ95: Endocet 100 | AK95: 365 | AL95: 30 | AM95: 45 | AN95: 10950 | AO95: 16425
A96: MDC August 2001 | B96: 25584668 | C96: 110186.1 | D96: 0.0043067239 | E96: 3119168 | F96: 3905 | G96: 3658 | I96: 62747.91 | J96: 17.153611 | T96: 62747.91 | X96: 3658 | AB96: 247 | AC96: 215925 | AE96: 47438.19 | AF96: 192.05745
A97: MDC August 2002 | B97: 31720582 | C97: 106697.49 | D97: 0.0033636674 | E97: 593796 | F97: 5340 | G97: 5066 | I97: 50183.92 | J97: 9.9060245 | M97: 4 | O97: 35.42 | P97: 8.855 | T97: 50219.34 | X97: 5070 | AB97: 270 | AC97: 46683 | AE97: 56478.15 | AF97: 209.17833
A98: MDC August 2003 | B98: 46514931 | C98: 144938.5 | D98: 0.0031159565 | E98: 756073 | F98: 3351 | G98: 2918 | I98: 40040.92 | J98: 13.722042 | T98: 40040.92 | X98: 2918 | AB98: 433 | AC98: 221878 | AE98: 104897.58 | AF98: 242.25769
A99: MDC August 2004 | B99: 55002751 | C99: 197266.64 | D99: 0.0035864868 | E99: 823241 | F99: 3386 | G99: 2943 | I99: 50882.66 | J99: 17.289385 | M99: 2 | O99: 19.8 | T99: 50902.46 | X99: 2945 | AB99: 441 | AC99: 405518 | AE99: 146364.18 | AF99: 331.89156
A100: MDC August 2005 | B100: 82370119 | C100: 522133.96 | D100: 0.0063388759 | E100: 1043528 | F100: 5767 | G100: 5328 | I100: 67061.44 | J100: 12.586607 | M100: 0 | O100: 0 | T100: 67061.44 | X100: 5328 | AB100: 439 | AC100: 623281 | AE100: 455072.52 | AF100: 1036.6117
A101: MDC August 2006 | B101: 59177310 | C101: 110594.37 | D101: 0.0018688644 | E101: 828649 | F101: 2015 | G101: 1804 | I101: 31715.67 | J101: 17.580748 | T101: 31715.67 | X101: 1804 | AB101: 211 | AC101: 221335 | AE101: 78878.7 | AF101: 373.8327
A102: MDC August 2007 | B102: 88641595 | C102: 146032.93 | D102: 0.0016474538 | E102: 890487 | F102: 2017 | G102: 1721 | I102: 26881.37 | J102: 15.619622 | T102: 26881.37 | X102: 1721 | AB102: 296 | AC102: 413355 | AE102: 119151.56 | AF102: 402.53905
A103: MDC August 2008 | B103: 93273604 | C103: 112394.97 | D103: 0.001205003 | E103: 953473 | F103: 1299 | G103: 1111 | I103: 41752.54 | J103: 37.581044 | M103: 1 | O103: 28.74 | T103: 41781.28 | X103: 1112 | AB103: 187 | AC103: 213528 | AE103: 70613.69 | AF103: 377.61332 | AJ103: Endocet 500 | AK103: 564 | AL103: 30 | AM103: 45 | AN103: 16920 | AO103: 25380
A104: 40026 | B104: 1.0680306e+08 | C104: 211200.55 | D104: 0.0019774767 | E104: 1089383 | F104: 2390 | G104: 2034 | I104: 81012.14 | J104: 39.828977 | T104: 81012.14 | X104: 2034 | AB104: 356 | AC104: 451722 | AE104: 130188.41 | AF104: 365.69778
A106: ADC September 1999 | B106: 14954410 | C106: 71208.23 | D106: 0.0047616877 | E106: 560836 | F106: 6486 | G106: 4299 | I106: 12198.53 | J106: 2.8375273 | K106: 36225.75 | M106: 1918 | O106: 32648.63 | P106: 17.022226 | Q106: 33589 | R106: 69814.75 | T106: 44847.16 | V106: -33102.88 | X106: 6217 | Z106: -522 | AB106: 269 | AC106: 56673 | AE106: 26361.07 | AF106: 97.996543 | AH106: -59894.81 | AI106: -486 | AJ106: Endocet 500 | AK106: 437 | AL106: 30 | AM106: 45 | AN106: 13110 | AO106: 19665
A107: MDC September 2000 | B107: 21303632 | C107: 131103.04 | D107: 0.0061540229 | E107: 743120 | F107: 6972 | G107: 6739 | I107: 77950.04 | J107: 11.567004 | T107: 77950.04 | X107: 6739 | AB107: 233 | AC107: 120694 | AE107: 53153 | AF107: 228.12446 | AJ107: Percocet UD | AK107: 424 | AL107: 20 | AM107: 45 | AN107: 8480 | AO107: 19080
AJ108: Narcan .4mg | AK108: 388 | AL108: 10 | AM108: 45 | AN108: 3880 | AO108: 17460
A109: Total | B109: 94519414 | C109: 630784.85 | D109: 0.0066736009
...
