Workbook

Sheet Spread
A1: Dosage Pharmaceuticals
A2: FY15 Allocations
A3: =CELL("Filename") -> N:\Hazelwood01\Shared Services\Finance\Commercial\PSG_Finance\GRPFINCE\Forecast - FY15\Freight\[Freight Reclass - FY15.xlsx]Spread
A4: =NOW() -> 42276.327
C5: Oct | D5: Nov | E5: Dec | F5: Jan | G5: Feb | H5: Mar | I5: Apr | J5: May | K5: Jun | L5: Jul | M5: Aug | N5: Sep | O5: Total
A6: Modified Sales Dollars
A7: 157001000211.4010 | B7: HB | C7: 35670717 | D7: 27274218 | E7: 32977110 | F7: 16352796 | G7: 33240657 | H7: 42521965 | I7: 30244788 | J7: 47092927 | K7: 40039096 | L7: 39983533 | M7: 38126195 | N7: 30298025 | O7: =SUM(C7:N7) -> 4.1382203e+08
A8: 157001000210.4010 | B8: Oxy | C8: 7621643.4 | D8: 3308516.8 | E8: 5928628.5 | F8: 1212476.7 | G8: 4899436.8 | H8: 4212735.1 | I8: 5567003.1 | J8: 7675156.8 | K8: 6463722.3 | L8: 5898623.2 | M8: 8016856.1 | N8: 7260037.1 | O8: =SUM(C8:N8) -> 68064836
A9: 157001000244.4010 | B9: Oxy APAP | C9: 19121416 | D9: 16113145 | E9: 13411791 | F9: 11724419 | G9: 18099637 | H9: 12909862 | I9: 9290990.7 | J9: 16902889 | K9: 9747493.5 | L9: 8780236.3 | M9: 12040034 | N9: 9487105.6 | O9: =SUM(C9:N9) -> 1.5762902e+08
A10: 157001000222.4010 | B10: Methylphenidate | C10: 9535951.2 | D10: 6155238.8 | E10: 10113896 | F10: 3720419.2 | G10: 8516287.9 | H10: 12187975 | I10: 8556016.9 | J10: 15151613 | K10: 11223948 | L10: 9934298.8 | M10: 10059469 | N10: 8778105.1 | O10: =SUM(C10:N10) -> 1.1393322e+08
A11: 157001000263.4010 | B11: Dextroamphetamine | C11: 1425523.5 | D11: 915588 | E11: 595101.35 | F11: 88271.688 | G11: 628893.13 | H11: 2405639.7 | I11: 700033.23 | J11: 1287902.5 | K11: 2362943.8 | L11: 1061580 | M11: 2640617.3 | N11: 1877223 | O11: =SUM(C11:N11) -> 15989317
A12: 157001000238.4010 | B12: Methylphenidate ER | C12: 34286246 | D12: 22204260 | E12: 19733595 | F12: 10346581 | G12: 13699294 | H12: 19124998 | I12: 13316076 | J12: 22493306 | K12: 16223057 | L12: 11759838 | M12: 18657286 | N12: 15329734 | O12: =SUM(C12:N12) -> 2.1717427e+08
A13: 157001000248.4010 | B13: Oxymorphone IR | C13: 214076.7 | D13: 257702.58 | E13: 442441.01 | F13: 192799.88 | G13: 214006.09 | H13: 169219.79 | I13: 145679.83 | J13: 270047.85 | K13: 278811.18 | L13: 130390.37 | M13: 204352.98 | N13: 164760.61 | O13: =SUM(C13:N13) -> 2684288.9
A14: 157001000229.4010 | B14: Morphine ER | C14: 9800849.7 | D14: 13910648 | E14: 10209906 | F14: 5151083.7 | G14: 9917848.9 | H14: 10538565 | I14: 6856681.6 | J14: 12850673 | K14: 11691409 | L14: 9724833 | M14: 10774067 | N14: 9982130.4 | O14: =SUM(C14:N14) -> 1.214087e+08
A15: 157001000230.4010 | B15: Hydromorphone | C15: 1275488.7 | D15: 812438.41 | E15: 1102035.4 | F15: 218002.52 | G15: 1060287.1 | H15: 1609309.3 | I15: 1012396.3 | J15: 1522762.7 | K15: 1315560.9 | L15: 1201940.5 | M15: 1773659.6 | N15: 922605.85 | O15: =SUM(C15:N15) -> 13826487
A16: 157001000231.4010 | B16: Methadone | C16: 2919527.1 | D16: 664326.9 | E16: 1761710.8 | F16: 1347293.8 | G16: 1135968.4 | H16: 3752755.8 | I16: 1780792 | J16: 3225879.6 | K16: 3213602.1 | L16: 3000633.2 | M16: 2902817.1 | N16: 2283073.4 | O16: =SUM(C16:N16) -> 27988380
A17: 157001000232.4010 | B17: APAP/Codeine | C17: 915527.73 | D17: 459241.38 | E17: 747723.65 | F17: 614707.68 | G17: 49809.604 | H17: 0 | I17: 344614.01 | J17: 1335002.6 | K17: 528012.38 | L17: 573344.56 | M17: 724722.23 | N17: 3191357.4 | O17: =SUM(C17:N17) -> 9484063.2
A18: 157001000234.4010 | B18: Fentanyl Lozenge | C18: 1419678.4 | D18: 866855.42 | E18: 1979555.2 | F18: 628127.92 | G18: 854604.74 | H18: 1311545.3 | I18: 1261304.7 | J18: 1655665.8 | K18: 1425268.9 | L18: 1422092.5 | M18: 1771198.5 | N18: 1942741 | O18: =SUM(C18:N18) -> 16538638
... A33: 157001000221.4010 | B33: AT | C33: 90980.74 | D33: 93069.33 | E33: 1964001.1 | F33: 1589199 | G33: 2066911.5 | H33: 1792502.3 | I33: 1830806.6 | J33: 2271169.8 | K33: 1792529.4 | L33: 1951356.1 | M33: 2319191.9 | N33: 1833699 | O33: =SUM(C33:N33) -> 19595417
C34: =SUM(C7:C33) -> 1.5830737e+08 | D34: =SUM(D7:D33) -> 1.1637831e+08 | E34: =SUM(E7:E33) -> 1.3059981e+08 | F34: =SUM(F7:F33) -> 68678374 | G34: =SUM(G7:G33) -> 1.141009e+08 | H34: =SUM(H7:H33) -> 1.3785672e+08 | I34: =SUM(I7:I33) -> 1.0337446e+08 | J34: =SUM(J7:J33) -> 1.6651313e+08 | ... O34: =SUM(O7:O33) -> 1.4955411e+09
A35: Auto Write/off
A36: 157001000209.4313 | C36: -883.64 | D36: -145944.01 | E36: -3118.35 | F36: 27037.76 | G36: -89613.24 | H36: 35594.07 | I36: -1319.94 | J36: -1836.04 | K36: 42534.94 | L36: -58624.26 | M36: -66330.23 | N36: -81844.45 | O36: =SUM(C36:N36) -> -344347.39
A37: 157001000209.4313.0100 | C37: 3058.15 | D37: 3689.19 | E37: 1862.7 | F37: 41569.65 | G37: 4850.05 | H37: 3423.03 | I37: 1249.54 | J37: 3367.07 | K37: 1825.85 | L37: 4598.88 | M37: 7922.61 | N37: 14316.7 | O37: =SUM(C37:N37) -> 91733.42
A38: Subtotal | C38: =SUM(C36:C37) -> 2174.51 | D38: =SUM(D36:D37) -> -142254.82 | E38: =SUM(E36:E37) -> -1255.65 | F38: =SUM(F36:F37) -> 68607.41 | G38: =SUM(G36:G37) -> -84763.19 | H38: =SUM(H36:H37) -> 39017.1 | I38: =SUM(I36:I37) -> -70.4 | J38: =SUM(J36:J37) -> 1531.03 | ... O38: =SUM(O36:O37) -> -252613.97
A40: 157001000211.4313 | B40: HB | C40: =IFERROR(ROUND(C7/(C$34-C$33-C$26-C$28-C$29-C$31)*(C$38),0),0) -> 524 | D40: =IFERROR(ROUND(D7/(D$34-D$33-D$26-D$28-D$29-D$31)*(D$38),0),0) -> -34950 | E40: =IFERROR(ROUND(E7/(E$34-E$33-E$26-E$28-E$29-E$31)*(E$38),0),0) -> -345 | F40: =IFERROR(ROUND(F7/(F$34-F$33-F$26-F$28-F$29-F$31)*(F$38),0),0) -> 17900 | G40: =IFERROR(ROUND(G7/(G$34-G$33-G$26-G$28-G$29-G$31)*(G$38),0),0) -> -26386 | H40: =IFERROR(ROUND(H7/(H$34-H$33-H$26-H$28-H$29-H$31)*(H$38),0),0) -> 12839 | I40: =IFERROR(ROUND(I7/(I$34-I$33-I$26-I$28-I$29-I$31)*(I$38),0),0) -> -23 | J40: =IFERROR(ROUND(J7/(J$34-J$33-J$26-J$28-J$29-J$31)*(J$38),0),0) -> 463 | ... N40: =IFERROR(ROUND(N7/(N$34-N$33-N$26-N$28-N$29-N$31)*(N$38),0),0) -> -19040 | O40: =SUM(C40:N40) -> -72605
A41: 157001000210.4313 | B41: Oxy | C41: =IFERROR(ROUND(C8/(C$34-C$33-C$26-C$28-C$29-C$31)*(C$38),0),0) -> 112 | D41: =IFERROR(ROUND(D8/(D$34-D$33-D$26-D$28-D$29-D$31)*(D$38),0),0) -> -4240 | E41: =IFERROR(ROUND(E8/(E$34-E$33-E$26-E$28-E$29-E$31)*(E$38),0),0) -> -62 | F41: =IFERROR(ROUND(F8/(F$34-F$33-F$26-F$28-F$29-F$31)*(F$38),0),0) -> 1327 | G41: =IFERROR(ROUND(G8/(G$34-G$33-G$26-G$28-G$29-G$31)*(G$38),0),0) -> -3889 | H41: =IFERROR(ROUND(H8/(H$34-H$33-H$26-H$28-H$29-H$31)*(H$38),0),0) -> 1272 | I41: =IFERROR(ROUND(I8/(I$34-I$33-I$26-I$28-I$29-I$31)*(I$38),0),0) -> -4 | J41: =IFERROR(ROUND(J8/(J$34-J$33-J$26-J$28-J$29-J$31)*(J$38),0),0) -> 76 | ... N41: =IFERROR(ROUND(N8/(N$34-N$33-N$26-N$28-N$29-N$31)*(N$38),0),0) -> -4562 | O41: =SUM(C41:N41) -> -14360
A42: 157001000244.4313 | B42: Oxy APAP | C42: =IFERROR(ROUND(C9/(C$34-C$33-C$26-C$28-C$29-C$31)*(C$38),0),0) -> 281 | D42: =IFERROR(ROUND(D9/(D$34-D$33-D$26-D$28-D$29-D$31)*(D$38),0),0) -> -20648 | E42: =IFERROR(ROUND(E9/(E$34-E$33-E$26-E$28-E$29-E$31)*(E$38),0),0) -> -141 | F42: =IFERROR(ROUND(F9/(F$34-F$33-F$26-F$28-F$29-F$31)*(F$38),0),0) -> 12834 | G42: =IFERROR(ROUND(G9/(G$34-G$33-G$26-G$28-G$29-G$31)*(G$38),0),0) -> -14367 | H42: =IFERROR(ROUND(H9/(H$34-H$33-H$26-H$28-H$29-H$31)*(H$38),0),0) -> 3898 | I42: =IFERROR(ROUND(I9/(I$34-I$33-I$26-I$28-I$29-I$31)*(I$38),0),0) -> -7 | J42: =IFERROR(ROUND(J9/(J$34-J$33-J$26-J$28-J$29-J$31)*(J$38),0),0) -> 166 | ... N42: =IFERROR(ROUND(N9/(N$34-N$33-N$26-N$28-N$29-N$31)*(N$38),0),0) -> -5962 | O42: =SUM(C42:N42) -> -30487
A43: 157001000222.4313 | B43: ADHD | C43: =IFERROR(ROUND(C10/(C$34-C$33-C$26-C$28-C$29-C$31)*(C$38),0),0) -> 140 | D43: =IFERROR(ROUND(D10/(D$34-D$33-D$26-D$28-D$29-D$31)*(D$38),0),0) -> -7888 | E43: =IFERROR(ROUND(E10/(E$34-E$33-E$26-E$28-E$29-E$31)*(E$38),0),0) -> -106 | F43: =IFERROR(ROUND(F10/(F$34-F$33-F$26-F$28-F$29-F$31)*(F$38),0),0) -> 4073 | G43: =IFERROR(ROUND(G10/(G$34-G$33-G$26-G$28-G$29-G$31)*(G$38),0),0) -> -6760 | H43: =IFERROR(ROUND(H10/(H$34-H$33-H$26-H$28-H$29-H$31)*(H$38),0),0) -> 3680 | I43: =IFERROR(ROUND(I10/(I$34-I$33-I$26-I$28-I$29-I$31)*(I$38),0),0) -> -6 | J43: =IFERROR(ROUND(J10/(J$34-J$33-J$26-J$28-J$29-J$31)*(J$38),0),0) -> 149 | ... N43: =IFERROR(ROUND(N10/(N$34-N$33-N$26-N$28-N$29-N$31)*(N$38),0),0) -> -5516 | O43: =SUM(C43:N43) -> -17915
A44: 157001000263.4313 | B44: Dextroamphetamine | C44: =IFERROR(ROUND(C11/(C$34-C$33-C$26-C$28-C$29-C$31)*(C$38),0),0) -> 21 | D44: =IFERROR(ROUND(D11/(D$34-D$33-D$26-D$28-D$29-D$31)*(D$38),0),0) -> -1173 | E44: =IFERROR(ROUND(E11/(E$34-E$33-E$26-E$28-E$29-E$31)*(E$38),0),0) -> -6 | F44: =IFERROR(ROUND(F11/(F$34-F$33-F$26-F$28-F$29-F$31)*(F$38),0),0) -> 97 | G44: =IFERROR(ROUND(G11/(G$34-G$33-G$26-G$28-G$29-G$31)*(G$38),0),0) -> -499 | H44: =IFERROR(ROUND(H11/(H$34-H$33-H$26-H$28-H$29-H$31)*(H$38),0),0) -> 726 | I44: =IFERROR(ROUND(I11/(I$34-I$33-I$26-I$28-I$29-I$31)*(I$38),0),0) -> -1 | J44: =IFERROR(ROUND(J11/(J$34-J$33-J$26-J$28-J$29-J$31)*(J$38),0),0) -> 13 | ... N44: =IFERROR(ROUND(N11/(N$34-N$33-N$26-N$28-N$29-N$31)*(N$38),0),0) -> -1180 | O44: =SUM(C44:N44) -> -2923
A45: 157001000238.4313 | B45: =+B12 -> Methylphenidate ER | C45: =IFERROR(ROUND(C12/(C$34-C$33-C$26-C$28-C$29-C$31)*(C$38),0),0) -> 504 | D45: =IFERROR(ROUND(D12/(D$34-D$33-D$26-D$28-D$29-D$31)*(D$38),0),0) -> -28454 | E45: =IFERROR(ROUND(E12/(E$34-E$33-E$26-E$28-E$29-E$31)*(E$38),0),0) -> -207 | F45: =IFERROR(ROUND(F12/(F$34-F$33-F$26-F$28-F$29-F$31)*(F$38),0),0) -> 11326 | G45: =IFERROR(ROUND(G12/(G$34-G$33-G$26-G$28-G$29-G$31)*(G$38),0),0) -> -10874 | H45: =IFERROR(ROUND(H12/(H$34-H$33-H$26-H$28-H$29-H$31)*(H$38),0),0) -> 5774 | I45: =IFERROR(ROUND(I12/(I$34-I$33-I$26-I$28-I$29-I$31)*(I$38),0),0) -> -10 | J45: =IFERROR(ROUND(J12/(J$34-J$33-J$26-J$28-J$29-J$31)*(J$38),0),0) -> 221 | ... N45: =IFERROR(ROUND(N12/(N$34-N$33-N$26-N$28-N$29-N$31)*(N$38),0),0) -> -9633 | O45: =SUM(C45:N45) -> -40167
A46: 157001000248.4313 | B46: Oxymorphone IR | C46: =IFERROR(ROUND(C13/(C$34-C$33-C$26-C$28-C$29-C$31)*(C$38),0),0) -> 3 | D46: =IFERROR(ROUND(D13/(D$34-D$33-D$26-D$28-D$29-D$31)*(D$38),0),0) -> -330 | E46: =IFERROR(ROUND(E13/(E$34-E$33-E$26-E$28-E$29-E$31)*(E$38),0),0) -> -5 | F46: =IFERROR(ROUND(F13/(F$34-F$33-F$26-F$28-F$29-F$31)*(F$38),0),0) -> 211 | G46: =IFERROR(ROUND(G13/(G$34-G$33-G$26-G$28-G$29-G$31)*(G$38),0),0) -> -170 | H46: =IFERROR(ROUND(H13/(H$34-H$33-H$26-H$28-H$29-H$31)*(H$38),0),0) -> 51 | I46: =IFERROR(ROUND(I13/(I$34-I$33-I$26-I$28-I$29-I$31)*(I$38),0),0) -> 0 | J46: =IFERROR(ROUND(J13/(J$34-J$33-J$26-J$28-J$29-J$31)*(J$38),0),0) -> 3 | ... N46: =IFERROR(ROUND(N13/(N$34-N$33-N$26-N$28-N$29-N$31)*(N$38),0),0) -> -104 | O46: =SUM(C46:N46) -> -403
A47: 157001000229.4313 | B47: Morphine ER | C47: =IFERROR(ROUND(C14/(C$34-C$33-C$26-C$28-C$29-C$31)*(C$38),0),0) -> 144 | D47: =IFERROR(ROUND(D14/(D$34-D$33-D$26-D$28-D$29-D$31)*(D$38),0),0) -> -17826 | E47: =IFERROR(ROUND(E14/(E$34-E$33-E$26-E$28-E$29-E$31)*(E$38),0),0) -> -107 | F47: =IFERROR(ROUND(F14/(F$34-F$33-F$26-F$28-F$29-F$31)*(F$38),0),0) -> 5639 | G47: =IFERROR(ROUND(G14/(G$34-G$33-G$26-G$28-G$29-G$31)*(G$38),0),0) -> -7873 | H47: =IFERROR(ROUND(H14/(H$34-H$33-H$26-H$28-H$29-H$31)*(H$38),0),0) -> 3182 | I47: =IFERROR(ROUND(I14/(I$34-I$33-I$26-I$28-I$29-I$31)*(I$38),0),0) -> -5 | J47: =IFERROR(ROUND(J14/(J$34-J$33-J$26-J$28-J$29-J$31)*(J$38),0),0) -> 126 | ... N47: =IFERROR(ROUND(N14/(N$34-N$33-N$26-N$28-N$29-N$31)*(N$38),0),0) -> -6273 | O47: =SUM(C47:N47) -> -28735
A48: 157001000230.4313 | B48: Hydromorphone | C48: =IFERROR(ROUND(C15/(C$34-C$33-C$26-C$28-C$29-C$31)*(C$38),0),0) -> 19 | D48: =IFERROR(ROUND(D15/(D$34-D$33-D$26-D$28-D$29-D$31)*(D$38),0),0) -> -1041 | E48: =IFERROR(ROUND(E15/(E$34-E$33-E$26-E$28-E$29-E$31)*(E$38),0),0) -> -12 | F48: =IFERROR(ROUND(F15/(F$34-F$33-F$26-F$28-F$29-F$31)*(F$38),0),0) -> 239 | G48: =IFERROR(ROUND(G15/(G$34-G$33-G$26-G$28-G$29-G$31)*(G$38),0),0) -> -842 | H48: =IFERROR(ROUND(H15/(H$34-H$33-H$26-H$28-H$29-H$31)*(H$38),0),0) -> 486 | I48: =IFERROR(ROUND(I15/(I$34-I$33-I$26-I$28-I$29-I$31)*(I$38),0),0) -> -1 | J48: =IFERROR(ROUND(J15/(J$34-J$33-J$26-J$28-J$29-J$31)*(J$38),0),0) -> 15 | ... N48: =IFERROR(ROUND(N15/(N$34-N$33-N$26-N$28-N$29-N$31)*(N$38),0),0) -> -580 | O48: =SUM(C48:N48) -> -2676
A49: 157001000231.4313 | B49: Methadone | C49: =IFERROR(ROUND(C16/(C$34-C$33-C$26-C$28-C$29-C$31)*(C$38),0),0) -> 43 | D49: =IFERROR(ROUND(D16/(D$34-D$33-D$26-D$28-D$29-D$31)*(D$38),0),0) -> -851 | E49: =IFERROR(ROUND(E16/(E$34-E$33-E$26-E$28-E$29-E$31)*(E$38),0),0) -> -18 | F49: =IFERROR(ROUND(F16/(F$34-F$33-F$26-F$28-F$29-F$31)*(F$38),0),0) -> 1475 | G49: =IFERROR(ROUND(G16/(G$34-G$33-G$26-G$28-G$29-G$31)*(G$38),0),0) -> -902 | H49: =IFERROR(ROUND(H16/(H$34-H$33-H$26-H$28-H$29-H$31)*(H$38),0),0) -> 1133 | I49: =IFERROR(ROUND(I16/(I$34-I$33-I$26-I$28-I$29-I$31)*(I$38),0),0) -> -1 | J49: =IFERROR(ROUND(J16/(J$34-J$33-J$26-J$28-J$29-J$31)*(J$38),0),0) -> 32 | ... N49: =IFERROR(ROUND(N16/(N$34-N$33-N$26-N$28-N$29-N$31)*(N$38),0),0) -> -1435 | O49: =SUM(C49:N49) -> -2239
A50: 157001000232.4313 | B50: APAP/Codeine | C50: =IFERROR(ROUND(C17/(C$34-C$33-C$26-C$28-C$29-C$31)*(C$38),0),0) -> 13 | D50: =IFERROR(ROUND(D17/(D$34-D$33-D$26-D$28-D$29-D$31)*(D$38),0),0) -> -588 | E50: =IFERROR(ROUND(E17/(E$34-E$33-E$26-E$28-E$29-E$31)*(E$38),0),0) -> -8 | F50: =IFERROR(ROUND(F17/(F$34-F$33-F$26-F$28-F$29-F$31)*(F$38),0),0) -> 673 | G50: =IFERROR(ROUND(G17/(G$34-G$33-G$26-G$28-G$29-G$31)*(G$38),0),0) -> -40 | H50: =IFERROR(ROUND(H17/(H$34-H$33-H$26-H$28-H$29-H$31)*(H$38),0),0) -> 0 | I50: =IFERROR(ROUND(I17/(I$34-I$33-I$26-I$28-I$29-I$31)*(I$38),0),0) -> 0 | J50: =IFERROR(ROUND(J17/(J$34-J$33-J$26-J$28-J$29-J$31)*(J$38),0),0) -> 13 | ... N50: =IFERROR(ROUND(N17/(N$34-N$33-N$26-N$28-N$29-N$31)*(N$38),0),0) -> -2005 | O50: =SUM(C50:N50) -> -2380
A51: 157001000234.4313 | B51: Fentanyl Lozenge | C51: =IFERROR(ROUND(C18/(C$34-C$33-C$26-C$28-C$29-C$31)*(C$38),0),0) -> 21 | D51: =IFERROR(ROUND(D18/(D$34-D$33-D$26-D$28-D$29-D$31)*(D$38),0),0) -> -1111 | E51: =IFERROR(ROUND(E18/(E$34-E$33-E$26-E$28-E$29-E$31)*(E$38),0),0) -> -21 | F51: =IFERROR(ROUND(F18/(F$34-F$33-F$26-F$28-F$29-F$31)*(F$38),0),0) -> 688 | G51: =IFERROR(ROUND(G18/(G$34-G$33-G$26-G$28-G$29-G$31)*(G$38),0),0) -> -678 | H51: =IFERROR(ROUND(H18/(H$34-H$33-H$26-H$28-H$29-H$31)*(H$38),0),0) -> 396 | I51: =IFERROR(ROUND(I18/(I$34-I$33-I$26-I$28-I$29-I$31)*(I$38),0),0) -> -1 | J51: =IFERROR(ROUND(J18/(J$34-J$33-J$26-J$28-J$29-J$31)*(J$38),0),0) -> 16 | ... N51: =IFERROR(ROUND(N18/(N$34-N$33-N$26-N$28-N$29-N$31)*(N$38),0),0) -> -1221 | O51: =SUM(C51:N51) -> -2942
A52: 157001000236.4313 | B52: Fentanyl Patch | C52: =IFERROR(ROUND(C19/(C$34-C$33-C$26-C$28-C$29-C$31)*(C$38),0),0) -> 121 | D52: =IFERROR(ROUND(D19/(D$34-D$33-D$26-D$28-D$29-D$31)*(D$38),0),0) -> -6321 | E52: =IFERROR(ROUND(E19/(E$34-E$33-E$26-E$28-E$29-E$31)*(E$38),0),0) -> -85 | F52: =IFERROR(ROUND(F19/(F$34-F$33-F$26-F$28-F$29-F$31)*(F$38),0),0) -> 4086 | G52: =IFERROR(ROUND(G19/(G$34-G$33-G$26-G$28-G$29-G$31)*(G$38),0),0) -> -4061 | H52: =IFERROR(ROUND(H19/(H$34-H$33-H$26-H$28-H$29-H$31)*(H$38),0),0) -> 2205 | I52: =IFERROR(ROUND(I19/(I$34-I$33-I$26-I$28-I$29-I$31)*(I$38),0),0) -> -4 | J52: =IFERROR(ROUND(J19/(J$34-J$33-J$26-J$28-J$29-J$31)*(J$38),0),0) -> 88 | ... N52: =IFERROR(ROUND(N19/(N$34-N$33-N$26-N$28-N$29-N$31)*(N$38),0),0) -> -4875 | O52: =SUM(C52:N52) -> -13429
A53: 157001000253.4313 | B53: Temazepam | C53: =IFERROR(ROUND(C20/(C$34-C$33-C$26-C$28-C$29-C$31)*(C$38),0),0) -> 15 | D53: =IFERROR(ROUND(D20/(D$34-D$33-D$26-D$28-D$29-D$31)*(D$38),0),0) -> -1012 | E53: =IFERROR(ROUND(E20/(E$34-E$33-E$26-E$28-E$29-E$31)*(E$38),0),0) -> -10 | F53: =IFERROR(ROUND(F20/(F$34-F$33-F$26-F$28-F$29-F$31)*(F$38),0),0) -> 912 | G53: =IFERROR(ROUND(G20/(G$34-G$33-G$26-G$28-G$29-G$31)*(G$38),0),0) -> -410 | H53: =IFERROR(ROUND(H20/(H$34-H$33-H$26-H$28-H$29-H$31)*(H$38),0),0) -> 295 | I53: =IFERROR(ROUND(I20/(I$34-I$33-I$26-I$28-I$29-I$31)*(I$38),0),0) -> -1 | J53: =IFERROR(ROUND(J20/(J$34-J$33-J$26-J$28-J$29-J$31)*(J$38),0),0) -> 21 | ... N53: =IFERROR(ROUND(N20/(N$34-N$33-N$26-N$28-N$29-N$31)*(N$38),0),0) -> -742 | O53: =SUM(C53:N53) -> -1424
A54: 157001000254.4313 | B54: Imipramine Pamoate | C54: =IFERROR(ROUND(C21/(C$34-C$33-C$26-C$28-C$29-C$31)*(C$38),0),0) -> 5 | D54: =IFERROR(ROUND(D21/(D$34-D$33-D$26-D$28-D$29-D$31)*(D$38),0),0) -> -196 | E54: =IFERROR(ROUND(E21/(E$34-E$33-E$26-E$28-E$29-E$31)*(E$38),0),0) -> -3 | F54: =IFERROR(ROUND(F21/(F$34-F$33-F$26-F$28-F$29-F$31)*(F$38),0),0) -> 53 | G54: =IFERROR(ROUND(G21/(G$34-G$33-G$26-G$28-G$29-G$31)*(G$38),0),0) -> -40 | H54: =IFERROR(ROUND(H21/(H$34-H$33-H$26-H$28-H$29-H$31)*(H$38),0),0) -> 42 | I54: =IFERROR(ROUND(I21/(I$34-I$33-I$26-I$28-I$29-I$31)*(I$38),0),0) -> 0 | J54: =IFERROR(ROUND(J21/(J$34-J$33-J$26-J$28-J$29-J$31)*(J$38),0),0) -> 1 | ... N54: =IFERROR(ROUND(N21/(N$34-N$33-N$26-N$28-N$29-N$31)*(N$38),0),0) -> -12 | O54: =SUM(C54:N54) -> -188
A55: 157001000264.4313 | B55: =+B23 -> Mixed Amphet Salts | C55: =IFERROR(ROUND(C22/(C$34-C$33-C$26-C$28-C$29-C$31)*(C$38),0),0) -> 103 | D55: =IFERROR(ROUND(D22/(D$34-D$33-D$26-D$28-D$29-D$31)*(D$38),0),0) -> -6926 | E55: =IFERROR(ROUND(E22/(E$34-E$33-E$26-E$28-E$29-E$31)*(E$38),0),0) -> -77 | F55: =IFERROR(ROUND(F22/(F$34-F$33-F$26-F$28-F$29-F$31)*(F$38),0),0) -> 4421 | G55: =IFERROR(ROUND(G22/(G$34-G$33-G$26-G$28-G$29-G$31)*(G$38),0),0) -> -4589 | H55: =IFERROR(ROUND(H22/(H$34-H$33-H$26-H$28-H$29-H$31)*(H$38),0),0) -> 2097 | I55: =IFERROR(ROUND(I22/(I$34-I$33-I$26-I$28-I$29-I$31)*(I$38),0),0) -> -4 | J55: =IFERROR(ROUND(J22/(J$34-J$33-J$26-J$28-J$29-J$31)*(J$38),0),0) -> 96 | ... N55: =IFERROR(ROUND(N22/(N$34-N$33-N$26-N$28-N$29-N$31)*(N$38),0),0) -> -2511 | O55: =SUM(C55:N55) -> -8906
A56: 157001000270.4313 | B56: Exalgo AG | C56: =IFERROR(ROUND(C23/(C$34-C$33-C$26-C$28-C$29-C$31)*(C$38),0),0) -> 15 | D56: =IFERROR(ROUND(D23/(D$34-D$33-D$26-D$28-D$29-D$31)*(D$38),0),0) -> -1312 | E56: =IFERROR(ROUND(E23/(E$34-E$33-E$26-E$28-E$29-E$31)*(E$38),0),0) -> -6 | F56: =IFERROR(ROUND(F23/(F$34-F$33-F$26-F$28-F$29-F$31)*(F$38),0),0) -> 635 | G56: =IFERROR(ROUND(G23/(G$34-G$33-G$26-G$28-G$29-G$31)*(G$38),0),0) -> -551 | H56: =IFERROR(ROUND(H23/(H$34-H$33-H$26-H$28-H$29-H$31)*(H$38),0),0) -> 216 | I56: =IFERROR(ROUND(I23/(I$34-I$33-I$26-I$28-I$29-I$31)*(I$38),0),0) -> 0 | J56: =IFERROR(ROUND(J23/(J$34-J$33-J$26-J$28-J$29-J$31)*(J$38),0),0) -> 8 | ... N56: =IFERROR(ROUND(N23/(N$34-N$33-N$26-N$28-N$29-N$31)*(N$38),0),0) -> -370 | O56: =SUM(C56:N56) -> -1563
A57: 157001000212.4313 | B57: Meth Oral Solutions | C57: =IFERROR(ROUND(C24/(C$34-C$33-C$26-C$28-C$29-C$31)*(C$38),0),0) -> 6 | D57: =IFERROR(ROUND(D24/(D$34-D$33-D$26-D$28-D$29-D$31)*(D$38),0),0) -> -271 | E57: =IFERROR(ROUND(E24/(E$34-E$33-E$26-E$28-E$29-E$31)*(E$38),0),0) -> -5 | F57: =IFERROR(ROUND(F24/(F$34-F$33-F$26-F$28-F$29-F$31)*(F$38),0),0) -> 161 | G57: =IFERROR(ROUND(G24/(G$34-G$33-G$26-G$28-G$29-G$31)*(G$38),0),0) -> -170 | H57: =IFERROR(ROUND(H24/(H$34-H$33-H$26-H$28-H$29-H$31)*(H$38),0),0) -> 158 | I57: =IFERROR(ROUND(I24/(I$34-I$33-I$26-I$28-I$29-I$31)*(I$38),0),0) -> 0 | J57: =IFERROR(ROUND(J24/(J$34-J$33-J$26-J$28-J$29-J$31)*(J$38),0),0) -> 5 | ... N57: =IFERROR(ROUND(N24/(N$34-N$33-N$26-N$28-N$29-N$31)*(N$38),0),0) -> -238 | O57: =SUM(C57:N57) -> -484
A58: 157001000209.4313 | B58: Other Generic | C58: =IFERROR(ROUND(C25/(C$34-C$33-C$26-C$28-C$29-C$31)*(C$38),0),0) -> 21 | D58: =IFERROR(ROUND(D25/(D$34-D$33-D$26-D$28-D$29-D$31)*(D$38),0),0) -> -1703 | E58: =IFERROR(ROUND(E25/(E$34-E$33-E$26-E$28-E$29-E$31)*(E$38),0),0) -> -10 | F58: =IFERROR(ROUND(F25/(F$34-F$33-F$26-F$28-F$29-F$31)*(F$38),0),0) -> 966 | G58: =IFERROR(ROUND(G25/(G$34-G$33-G$26-G$28-G$29-G$31)*(G$38),0),0) -> -1305 | H58: =IFERROR(ROUND(H25/(H$34-H$33-H$26-H$28-H$29-H$31)*(H$38),0),0) -> 418 | I58: =IFERROR(ROUND(I25/(I$34-I$33-I$26-I$28-I$29-I$31)*(I$38),0),0) -> -1 | J58: =IFERROR(ROUND(J25/(J$34-J$33-J$26-J$28-J$29-J$31)*(J$38),0),0) -> 15 | ... N58: =IFERROR(ROUND(N25/(N$34-N$33-N$26-N$28-N$29-N$31)*(N$38),0),0) -> -1097 | O58: =SUM(C58:N58) -> -3737
B59: Total | C59: =SUM(C40:C58) -> 2111 | D59: =SUM(D40:D58) -> -136841 | E59: =SUM(E40:E58) -> -1234 | F59: =SUM(F40:F58) -> 67716 | G59: =SUM(G40:G58) -> -84406 | H59: =SUM(H40:H58) -> 38868 | I59: =SUM(I40:I58) -> -69 | J59: =SUM(J40:J58) -> 1527 | ... O59: =SUM(O40:O58) -> -247563
A61: Freight Expense
A62: 157001150209.7165 | C62: 4492.76 | D62: 3339.45 | E62: 2163.5 | F62: 2067.9 | G62: 22746.16 | H62: 4131.57 | I62: 18966.91 | J62: 3923.26 | K62: 8472.61 | L62: 2147.49 | M62: 4568.92 | N62: 213 | O62: =SUM(C62:N62) -> 77233.53
A63: 157001150209.7171 | C63: 580753.45 | D63: 556450.56 | E63: 344582.26 | F63: 487221.53 | G63: 398754.28 | H63: 576282.04 | I63: 358795.41 | J63: 445540.65 | K63: 258929.9 | L63: 338304.97 | M63: 260862.67 | N63: 364220.85 | O63: =SUM(C63:N63) -> 4970698.6
A64: Total Freight | C64: =SUM(C62:C63) -> 585246.21 | D64: =SUM(D62:D63) -> 559790.01 | E64: =SUM(E62:E63) -> 346745.76 | F64: =SUM(F62:F63) -> 489289.43 | G64: =SUM(G62:G63) -> 421500.44 | H64: =SUM(H62:H63) -> 580413.61 | I64: =SUM(I62:I63) -> 377762.32 | J64: =SUM(J62:J63) -> 449463.91 | ... N64: =SUM(N62:N63) -> 364433.85 | O64: =SUM(C64:N64) -> 5047932.1
A66: Freight In
A67: 157001150211.7165 | B67: HB | C67: =ROUND(IF(C7=0,0,(C7/C$34)*C$62),0) -> 1012 | D67: =ROUND(IF(D7=0,0,(D7/D$34)*D$62),0) -> 783 | E67: =ROUND(IF(E7=0,0,(E7/E$34)*E$62),0) -> 546 | F67: =ROUND(IF(F7=0,0,(F7/F$34)*F$62),0) -> 492 | G67: =ROUND(IF(G7=0,0,(G7/G$34)*G$62),0) -> 6627 | H67: =ROUND(IF(H7=0,0,(H7/H$34)*H$62),0) -> 1274 | I67: =ROUND(IF(I7=0,0,(I7/I$34)*I$62),0) -> 5549 | J67: =ROUND(IF(J7=0,0,(J7/J$34)*J$62),0) -> 1110 | ... N67: =ROUND(IF(N7=0,0,(N7/N$34)*N$62),0) -> 56 | O67: =SUM(C67:N67) -> 22016
A68: 157001150210.7165 | B68: Oxy | C68: =ROUND(IF(C8=0,0,(C8/C$34)*C$62),0) -> 216 | D68: =ROUND(IF(D8=0,0,(D8/D$34)*D$62),0) -> 95 | E68: =ROUND(IF(E8=0,0,(E8/E$34)*E$62),0) -> 98 | F68: =ROUND(IF(F8=0,0,(F8/F$34)*F$62),0) -> 37 | G68: =ROUND(IF(G8=0,0,(G8/G$34)*G$62),0) -> 977 | H68: =ROUND(IF(H8=0,0,(H8/H$34)*H$62),0) -> 126 | I68: =ROUND(IF(I8=0,0,(I8/I$34)*I$62),0) -> 1021 | J68: =ROUND(IF(J8=0,0,(J8/J$34)*J$62),0) -> 181 | ... N68: =ROUND(IF(N8=0,0,(N8/N$34)*N$62),0) -> 13 | O68: =SUM(C68:N68) -> 3553
A69: 157001150244.7165 | B69: Oxy APAP | C69: =ROUND(IF(C9=0,0,(C9/C$34)*C$62),0) -> 543 | D69: =ROUND(IF(D9=0,0,(D9/D$34)*D$62),0) -> 462 | E69: =ROUND(IF(E9=0,0,(E9/E$34)*E$62),0) -> 222 | F69: =ROUND(IF(F9=0,0,(F9/F$34)*F$62),0) -> 353 | G69: =ROUND(IF(G9=0,0,(G9/G$34)*G$62),0) -> 3608 | H69: =ROUND(IF(H9=0,0,(H9/H$34)*H$62),0) -> 387 | I69: =ROUND(IF(I9=0,0,(I9/I$34)*I$62),0) -> 1705 | J69: =ROUND(IF(J9=0,0,(J9/J$34)*J$62),0) -> 398 | ... N69: =ROUND(IF(N9=0,0,(N9/N$34)*N$62),0) -> 18 | O69: =SUM(C69:N69) -> 8884
A70: 157001150222.7165 | B70: ADHD | C70: =ROUND(IF(C10=0,0,(C10/C$34)*C$62),0) -> 271 | D70: =ROUND(IF(D10=0,0,(D10/D$34)*D$62),0) -> 177 | E70: =ROUND(IF(E10=0,0,(E10/E$34)*E$62),0) -> 168 | F70: =ROUND(IF(F10=0,0,(F10/F$34)*F$62),0) -> 112 | G70: =ROUND(IF(G10=0,0,(G10/G$34)*G$62),0) -> 1698 | H70: =ROUND(IF(H10=0,0,(H10/H$34)*H$62),0) -> 365 | I70: =ROUND(IF(I10=0,0,(I10/I$34)*I$62),0) -> 1570 | J70: =ROUND(IF(J10=0,0,(J10/J$34)*J$62),0) -> 357 | ... N70: =ROUND(IF(N10=0,0,(N10/N$34)*N$62),0) -> 16 | O70: =SUM(C70:N70) -> 5969
A71: 157001150263.7165 | B71: Dextroamphetamine | C71: =ROUND(IF(C11=0,0,(C11/C$34)*C$62),0) -> 40 | D71: =ROUND(IF(D11=0,0,(D11/D$34)*D$62),0) -> 26 | E71: =ROUND(IF(E11=0,0,(E11/E$34)*E$62),0) -> 10 | F71: =ROUND(IF(F11=0,0,(F11/F$34)*F$62),0) -> 3 | G71: =ROUND(IF(G11=0,0,(G11/G$34)*G$62),0) -> 125 | H71: =ROUND(IF(H11=0,0,(H11/H$34)*H$62),0) -> 72 | I71: =ROUND(IF(I11=0,0,(I11/I$34)*I$62),0) -> 128 | J71: =ROUND(IF(J11=0,0,(J11/J$34)*J$62),0) -> 30 | ... N71: =ROUND(IF(N11=0,0,(N11/N$34)*N$62),0) -> 3 | O71: =SUM(C71:N71) -> 696
A72: 157001150238.7165 | B72: =+B45 -> Methylphenidate ER | C72: =ROUND(IF(C12=0,0,(C12/C$34)*C$62),0) -> 973 | D72: =ROUND(IF(D12=0,0,(D12/D$34)*D$62),0) -> 637 | E72: =ROUND(IF(E12=0,0,(E12/E$34)*E$62),0) -> 327 | F72: =ROUND(IF(F12=0,0,(F12/F$34)*F$62),0) -> 312 | G72: =ROUND(IF(G12=0,0,(G12/G$34)*G$62),0) -> 2731 | H72: =ROUND(IF(H12=0,0,(H12/H$34)*H$62),0) -> 573 | I72: =ROUND(IF(I12=0,0,(I12/I$34)*I$62),0) -> 2443 | J72: =ROUND(IF(J12=0,0,(J12/J$34)*J$62),0) -> 530 | ... N72: =ROUND(IF(N12=0,0,(N12/N$34)*N$62),0) -> 28 | O72: =SUM(C72:N72) -> 10430
A73: 157001150248.7165 | B73: Oxymorphone IR | C73: =ROUND(IF(C13=0,0,(C13/C$34)*C$62),0) -> 6 | D73: =ROUND(IF(D13=0,0,(D13/D$34)*D$62),0) -> 7 | E73: =ROUND(IF(E13=0,0,(E13/E$34)*E$62),0) -> 7 | F73: =ROUND(IF(F13=0,0,(F13/F$34)*F$62),0) -> 6 | G73: =ROUND(IF(G13=0,0,(G13/G$34)*G$62),0) -> 43 | H73: =ROUND(IF(H13=0,0,(H13/H$34)*H$62),0) -> 5 | I73: =ROUND(IF(I13=0,0,(I13/I$34)*I$62),0) -> 27 | J73: =ROUND(IF(J13=0,0,(J13/J$34)*J$62),0) -> 6 | ... N73: =ROUND(IF(N13=0,0,(N13/N$34)*N$62),0) -> 0 | O73: =SUM(C73:N73) -> 134
A74: 157001150229.7165 | B74: Morphine ER | C74: =ROUND(IF(C14=0,0,(C14/C$34)*C$62),0) -> 278 | D74: =ROUND(IF(D14=0,0,(D14/D$34)*D$62),0) -> 399 | E74: =ROUND(IF(E14=0,0,(E14/E$34)*E$62),0) -> 169 | F74: =ROUND(IF(F14=0,0,(F14/F$34)*F$62),0) -> 155 | G74: =ROUND(IF(G14=0,0,(G14/G$34)*G$62),0) -> 1977 | H74: =ROUND(IF(H14=0,0,(H14/H$34)*H$62),0) -> 316 | I74: =ROUND(IF(I14=0,0,(I14/I$34)*I$62),0) -> 1258 | J74: =ROUND(IF(J14=0,0,(J14/J$34)*J$62),0) -> 303 | ... N74: =ROUND(IF(N14=0,0,(N14/N$34)*N$62),0) -> 19 | O74: =SUM(C74:N74) -> 6159
A75: 157001150230.7165 | B75: Hydromorphone | C75: =ROUND(IF(C15=0,0,(C15/C$34)*C$62),0) -> 36 | D75: =ROUND(IF(D15=0,0,(D15/D$34)*D$62),0) -> 23 | E75: =ROUND(IF(E15=0,0,(E15/E$34)*E$62),0) -> 18 | F75: =ROUND(IF(F15=0,0,(F15/F$34)*F$62),0) -> 7 | G75: =ROUND(IF(G15=0,0,(G15/G$34)*G$62),0) -> 211 | H75: =ROUND(IF(H15=0,0,(H15/H$34)*H$62),0) -> 48 | I75: =ROUND(IF(I15=0,0,(I15/I$34)*I$62),0) -> 186 | J75: =ROUND(IF(J15=0,0,(J15/J$34)*J$62),0) -> 36 | ... N75: =ROUND(IF(N15=0,0,(N15/N$34)*N$62),0) -> 2 | O75: =SUM(C75:N75) -> 733
A76: 157001150231.7165 | B76: Methadone | C76: =ROUND(IF(C16=0,0,(C16/C$34)*C$62),0) -> 83 | D76: =ROUND(IF(D16=0,0,(D16/D$34)*D$62),0) -> 19 | E76: =ROUND(IF(E16=0,0,(E16/E$34)*E$62),0) -> 29 | F76: =ROUND(IF(F16=0,0,(F16/F$34)*F$62),0) -> 41 | G76: =ROUND(IF(G16=0,0,(G16/G$34)*G$62),0) -> 226 | H76: =ROUND(IF(H16=0,0,(H16/H$34)*H$62),0) -> 112 | I76: =ROUND(IF(I16=0,0,(I16/I$34)*I$62),0) -> 327 | J76: =ROUND(IF(J16=0,0,(J16/J$34)*J$62),0) -> 76 | ... N76: =ROUND(IF(N16=0,0,(N16/N$34)*N$62),0) -> 4 | O76: =SUM(C76:N76) -> 1275
A77: 157001150232.7165 | B77: APAP/Codeine | C77: =ROUND(IF(C17=0,0,(C17/C$34)*C$62),0) -> 26 | D77: =ROUND(IF(D17=0,0,(D17/D$34)*D$62),0) -> 13 | E77: =ROUND(IF(E17=0,0,(E17/E$34)*E$62),0) -> 12 | F77: =ROUND(IF(F17=0,0,(F17/F$34)*F$62),0) -> 19 | G77: =ROUND(IF(G17=0,0,(G17/G$34)*G$62),0) -> 10 | H77: =ROUND(IF(H17=0,0,(H17/H$34)*H$62),0) -> 0 | I77: =ROUND(IF(I17=0,0,(I17/I$34)*I$62),0) -> 63 | J77: =ROUND(IF(J17=0,0,(J17/J$34)*J$62),0) -> 31 | ... N77: =ROUND(IF(N17=0,0,(N17/N$34)*N$62),0) -> 6 | O77: =SUM(C77:N77) -> 249
A78: 157001150234.7165 | B78: Fentanyl Lozenge | C78: =ROUND(IF(C18=0,0,(C18/C$34)*C$62),0) -> 40 | D78: =ROUND(IF(D18=0,0,(D18/D$34)*D$62),0) -> 25 | E78: =ROUND(IF(E18=0,0,(E18/E$34)*E$62),0) -> 33 | F78: =ROUND(IF(F18=0,0,(F18/F$34)*F$62),0) -> 19 | G78: =ROUND(IF(G18=0,0,(G18/G$34)*G$62),0) -> 170 | H78: =ROUND(IF(H18=0,0,(H18/H$34)*H$62),0) -> 39 | I78: =ROUND(IF(I18=0,0,(I18/I$34)*I$62),0) -> 231 | J78: =ROUND(IF(J18=0,0,(J18/J$34)*J$62),0) -> 39 | ... N78: =ROUND(IF(N18=0,0,(N18/N$34)*N$62),0) -> 4 | O78: =SUM(C78:N78) -> 777
A79: 157001150236.7165 | B79: Fentanyl Patch | C79: =ROUND(IF(C19=0,0,(C19/C$34)*C$62),0) -> 233 | D79: =ROUND(IF(D19=0,0,(D19/D$34)*D$62),0) -> 142 | E79: =ROUND(IF(E19=0,0,(E19/E$34)*E$62),0) -> 135 | F79: =ROUND(IF(F19=0,0,(F19/F$34)*F$62),0) -> 112 | G79: =ROUND(IF(G19=0,0,(G19/G$34)*G$62),0) -> 1020 | H79: =ROUND(IF(H19=0,0,(H19/H$34)*H$62),0) -> 219 | I79: =ROUND(IF(I19=0,0,(I19/I$34)*I$62),0) -> 1103 | J79: =ROUND(IF(J19=0,0,(J19/J$34)*J$62),0) -> 210 | ... N79: =ROUND(IF(N19=0,0,(N19/N$34)*N$62),0) -> 14 | O79: =SUM(C79:N79) -> 4242
A80: 157001150253.7165 | B80: Temazepam | C80: =ROUND(IF(C20=0,0,(C20/C$34)*C$62),0) -> 29 | D80: =ROUND(IF(D20=0,0,(D20/D$34)*D$62),0) -> 23 | E80: =ROUND(IF(E20=0,0,(E20/E$34)*E$62),0) -> 16 | F80: =ROUND(IF(F20=0,0,(F20/F$34)*F$62),0) -> 25 | G80: =ROUND(IF(G20=0,0,(G20/G$34)*G$62),0) -> 103 | H80: =ROUND(IF(H20=0,0,(H20/H$34)*H$62),0) -> 29 | I80: =ROUND(IF(I20=0,0,(I20/I$34)*I$62),0) -> 199 | J80: =ROUND(IF(J20=0,0,(J20/J$34)*J$62),0) -> 50 | ... N80: =ROUND(IF(N20=0,0,(N20/N$34)*N$62),0) -> 2 | O80: =SUM(C80:N80) -> 641
A81: 157001150254.7165 | B81: Imipramine Pamoate | C81: =ROUND(IF(C21=0,0,(C21/C$34)*C$62),0) -> 9 | D81: =ROUND(IF(D21=0,0,(D21/D$34)*D$62),0) -> 4 | E81: =ROUND(IF(E21=0,0,(E21/E$34)*E$62),0) -> 5 | F81: =ROUND(IF(F21=0,0,(F21/F$34)*F$62),0) -> 1 | G81: =ROUND(IF(G21=0,0,(G21/G$34)*G$62),0) -> 10 | H81: =ROUND(IF(H21=0,0,(H21/H$34)*H$62),0) -> 4 | I81: =ROUND(IF(I21=0,0,(I21/I$34)*I$62),0) -> 14 | J81: =ROUND(IF(J21=0,0,(J21/J$34)*J$62),0) -> 3 | ... N81: =ROUND(IF(N21=0,0,(N21/N$34)*N$62),0) -> 0 | O81: =SUM(C81:N81) -> 61
A82: 157001150270.7165 | B82: Exalgo AG | C82: =ROUND(IF(C22=0,0,(C22/C$34)*C$62),0) -> 199 | D82: =ROUND(IF(D22=0,0,(D22/D$34)*D$62),0) -> 155 | E82: =ROUND(IF(E22=0,0,(E22/E$34)*E$62),0) -> 122 | F82: =ROUND(IF(F22=0,0,(F22/F$34)*F$62),0) -> 122 | G82: =ROUND(IF(G22=0,0,(G22/G$34)*G$62),0) -> 1153 | H82: =ROUND(IF(H22=0,0,(H22/H$34)*H$62),0) -> 208 | I82: =ROUND(IF(I22=0,0,(I22/I$34)*I$62),0) -> 1041 | J82: =ROUND(IF(J22=0,0,(J22/J$34)*J$62),0) -> 229 | ... N82: =ROUND(IF(N22=0,0,(N22/N$34)*N$62),0) -> 7 | O82: =SUM(C82:N82) -> 3903
A83: 157001150264.7165 | B83: =+B55 -> Mixed Amphet Salts | C83: =ROUND(IF(C23=0,0,(C23/C$34)*C$62),0) -> 29 | D83: =ROUND(IF(D23=0,0,(D23/D$34)*D$62),0) -> 29 | E83: =ROUND(IF(E23=0,0,(E23/E$34)*E$62),0) -> 9 | F83: =ROUND(IF(F23=0,0,(F23/F$34)*F$62),0) -> 17 | G83: =ROUND(IF(G23=0,0,(G23/G$34)*G$62),0) -> 138 | H83: =ROUND(IF(H23=0,0,(H23/H$34)*H$62),0) -> 21 | I83: =ROUND(IF(I23=0,0,(I23/I$34)*I$62),0) -> 111 | J83: =ROUND(IF(J23=0,0,(J23/J$34)*J$62),0) -> 18 | ... N83: =ROUND(IF(N23=0,0,(N23/N$34)*N$62),0) -> 1 | O83: =SUM(C83:N83) -> 452
A84: 157001150212.7165 | B84: Meth Oral Solutions | C84: =ROUND(IF(C24=0,0,(C24/C$34)*C$62),0) -> 12 | D84: =ROUND(IF(D24=0,0,(D24/D$34)*D$62),0) -> 6 | E84: =ROUND(IF(E24=0,0,(E24/E$34)*E$62),0) -> 9 | F84: =ROUND(IF(F24=0,0,(F24/F$34)*F$62),0) -> 4 | G84: =ROUND(IF(G24=0,0,(G24/G$34)*G$62),0) -> 43 | H84: =ROUND(IF(H24=0,0,(H24/H$34)*H$62),0) -> 16 | I84: =ROUND(IF(I24=0,0,(I24/I$34)*I$62),0) -> 37 | J84: =ROUND(IF(J24=0,0,(J24/J$34)*J$62),0) -> 11 | ... N84: =ROUND(IF(N24=0,0,(N24/N$34)*N$62),0) -> 1 | O84: =SUM(C84:N84) -> 175
A85: 157001150209.7165 | B85: Other Generic | C85: =ROUND(IF(C25=0,0,(C25/C$34)*C$62),0) -> 41 | D85: =ROUND(IF(D25=0,0,(D25/D$34)*D$62),0) -> 38 | E85: =ROUND(IF(E25=0,0,(E25/E$34)*E$62),0) -> 15 | F85: =ROUND(IF(F25=0,0,(F25/F$34)*F$62),0) -> 27 | G85: =ROUND(IF(G25=0,0,(G25/G$34)*G$62),0) -> 328 | H85: =ROUND(IF(H25=0,0,(H25/H$34)*H$62),0) -> 42 | I85: =ROUND(IF(I25=0,0,(I25/I$34)*I$62),0) -> 240 | J85: =ROUND(IF(J25=0,0,(J25/J$34)*J$62),0) -> 37 | ... N85: =ROUND(IF(N25=0,0,(N25/N$34)*N$62),0) -> 3 | O85: =SUM(C85:N85) -> 947
A86: 157001150225.7165 | B86: CNS N/Pro | C86: =ROUND(IF(C26=0,0,(C26/C$34)*C$62),0) -> 72 | D86: =ROUND(IF(D26=0,0,(D26/D$34)*D$62),0) -> 50 | E86: =ROUND(IF(E26=0,0,(E26/E$34)*E$62),0) -> 38 | F86: =ROUND(IF(F26=0,0,(F26/F$34)*F$62),0) -> 28 | G86: =ROUND(IF(G26=0,0,(G26/G$34)*G$62),0) -> 276 | H86: =ROUND(IF(H26=0,0,(H26/H$34)*H$62),0) -> 55 | I86: =ROUND(IF(I26=0,0,(I26/I$34)*I$62),0) -> 529 | J86: =ROUND(IF(J26=0,0,(J26/J$34)*J$62),0) -> 69 | ... N86: =ROUND(IF(N26=0,0,(N26/N$34)*N$62),0) -> 3 | O86: =SUM(C86:N86) -> 1384
A87: 157001150250.7165 | B87: Xartemis | C87: =ROUND(IF(C27=0,0,(C27/C$34)*C$62),0) -> 24 | D87: =ROUND(IF(D27=0,0,(D27/D$34)*D$62),0) -> 17 | E87: =ROUND(IF(E27=0,0,(E27/E$34)*E$62),0) -> 10 | F87: =ROUND(IF(F27=0,0,(F27/F$34)*F$62),0) -> 11 | G87: =ROUND(IF(G27=0,0,(G27/G$34)*G$62),0) -> 66 | H87: =ROUND(IF(H27=0,0,(H27/H$34)*H$62),0) -> 13 | I87: =ROUND(IF(I27=0,0,(I27/I$34)*I$62),0) -> 54 | J87: =ROUND(IF(J27=0,0,(J27/J$34)*J$62),0) -> 9 | ... N87: =ROUND(IF(N27=0,0,(N27/N$34)*N$62),0) -> 0 | O87: =SUM(C87:N87) -> 231
A88: 157001150251.7165 | B88: Pennsaid | C88: =ROUND(IF(C28=0,0,(C28/C$34)*C$62),0) -> 0 | D88: =ROUND(IF(D28=0,0,(D28/D$34)*D$62),0) -> 0 | E88: =ROUND(IF(E28=0,0,(E28/E$34)*E$62),0) -> 0 | F88: =ROUND(IF(F28=0,0,(F28/F$34)*F$62),0) -> 0 | G88: =ROUND(IF(G28=0,0,(G28/G$34)*G$62),0) -> 0 | H88: =ROUND(IF(H28=0,0,(H28/H$34)*H$62),0) -> 0 | I88: =ROUND(IF(I28=0,0,(I28/I$34)*I$62),0) -> 0 | J88: =ROUND(IF(J28=0,0,(J28/J$34)*J$62),0) -> 0 | ... N88: =ROUND(IF(N28=0,0,(N28/N$34)*N$62),0) -> 0 | O88: =SUM(C88:N88) -> 0
A89: 157001150252.7165 | B89: Exalgo | C89: =ROUND(IF(C29=0,0,(C29/C$34)*C$62),0) -> 171 | D89: =ROUND(IF(D29=0,0,(D29/D$34)*D$62),0) -> 64 | E89: =ROUND(IF(E29=0,0,(E29/E$34)*E$62),0) -> 80 | F89: =ROUND(IF(F29=0,0,(F29/F$34)*F$62),0) -> 75 | G89: =ROUND(IF(G29=0,0,(G29/G$34)*G$62),0) -> 497 | H89: =ROUND(IF(H29=0,0,(H29/H$34)*H$62),0) -> 112 | I89: =ROUND(IF(I29=0,0,(I29/I$34)*I$62),0) -> 509 | J89: =ROUND(IF(J29=0,0,(J29/J$34)*J$62),0) -> 99 | ... N89: =ROUND(IF(N29=0,0,(N29/N$34)*N$62),0) -> 5 | O89: =SUM(C89:N89) -> 1946
A90: 157001150255.7165 | B90: Pennsaid 2% | C90: =ROUND(IF(C30=0,0,(C30/C$34)*C$62),0) -> 44 | D90: =ROUND(IF(D30=0,0,(D30/D$34)*D$62),0) -> 47 | E90: =ROUND(IF(E30=0,0,(E30/E$34)*E$62),0) -> 23 | F90: =ROUND(IF(F30=0,0,(F30/F$34)*F$62),0) -> 11 | G90: =ROUND(IF(G30=0,0,(G30/G$34)*G$62),0) -> 0 | H90: =ROUND(IF(H30=0,0,(H30/H$34)*H$62),0) -> 0 | I90: =ROUND(IF(I30=0,0,(I30/I$34)*I$62),0) -> 0 | J90: =ROUND(IF(J30=0,0,(J30/J$34)*J$62),0) -> 0 | ... N90: =ROUND(IF(N30=0,0,(N30/N$34)*N$62),0) -> 0 | O90: =SUM(C90:N90) -> 125
A91: 157001150268.7165 | B91: Roxicodone | C91: =ROUND(IF(C31=0,0,(C31/C$34)*C$62),0) -> 47 | D91: =ROUND(IF(D31=0,0,(D31/D$34)*D$62),0) -> 38 | E91: =ROUND(IF(E31=0,0,(E31/E$34)*E$62),0) -> 28 | F91: =ROUND(IF(F31=0,0,(F31/F$34)*F$62),0) -> 30 | G91: =ROUND(IF(G31=0,0,(G31/G$34)*G$62),0) -> 274 | H91: =ROUND(IF(H31=0,0,(H31/H$34)*H$62),0) -> 38 | I91: =ROUND(IF(I31=0,0,(I31/I$34)*I$62),0) -> 276 | J91: =ROUND(IF(J31=0,0,(J31/J$34)*J$62),0) -> 35 | ... N91: =ROUND(IF(N31=0,0,(N31/N$34)*N$62),0) -> 2 | O91: =SUM(C91:N91) -> 914
A92: 157001150271.7165 | B92: AT-Ext Mfg | C92: =ROUND(IF(C32=0,0,(C32/C$34)*C$62),0) -> 53 | D92: =ROUND(IF(D32=0,0,(D32/D$34)*D$62),0) -> 58 | E92: =ROUND(IF(E32=0,0,(E32/E$34)*E$62),0) -> 2 | F92: =ROUND(IF(F32=0,0,(F32/F$34)*F$62),0) -> 3 | G92: =ROUND(IF(G32=0,0,(G32/G$34)*G$62),0) -> 23 | H92: =ROUND(IF(H32=0,0,(H32/H$34)*H$62),0) -> 2 | I92: =ROUND(IF(I32=0,0,(I32/I$34)*I$62),0) -> 11 | J92: =ROUND(IF(J32=0,0,(J32/J$34)*J$62),0) -> 2 | ... N92: =ROUND(IF(N32=0,0,(N32/N$34)*N$62),0) -> 0 | O92: =SUM(C92:N92) -> 160
A93: 157001150221.7165 | B93: AT | C93: =ROUND(IF(C33=0,0,(C33/C$34)*C$62),0) -> 3 | D93: =ROUND(IF(D33=0,0,(D33/D$34)*D$62),0) -> 3 | E93: =ROUND(IF(E33=0,0,(E33/E$34)*E$62),0) -> 33 | F93: =ROUND(IF(F33=0,0,(F33/F$34)*F$62),0) -> 48 | G93: =ROUND(IF(G33=0,0,(G33/G$34)*G$62),0) -> 412 | H93: =ROUND(IF(H33=0,0,(H33/H$34)*H$62),0) -> 54 | I93: =ROUND(IF(I33=0,0,(I33/I$34)*I$62),0) -> 336 | J93: =ROUND(IF(J33=0,0,(J33/J$34)*J$62),0) -> 54 | ... N93: =ROUND(IF(N33=0,0,(N33/N$34)*N$62),0) -> 3 | O93: =SUM(C93:N93) -> 1174
B94: Total | C94: =SUM(C67:C93) -> 4490 | D94: =SUM(D67:D93) -> 3340 | E94: =SUM(E67:E93) -> 2164 | F94: =SUM(F67:F93) -> 2070 | G94: =SUM(G67:G93) -> 22746 | H94: =SUM(H67:H93) -> 4130 | I94: =SUM(I67:I93) -> 18968 | J94: =SUM(J67:J93) -> 3923 | ... N94: =SUM(N67:N93) -> 210 | O94: =SUM(C94:N94) -> 77230
A95: Freight Out
A96: 157001150211.7171 | B96: HB | C96: =ROUND(IF(C7=0,0,C187*(C$63-C$122)),0)+65.63 -> 287223.63 | D96: =ROUND(IF(D7=0,0,D187*(D$63-D$122)),0)-5412.94 -> 235232.06 | E96: =ROUND(IF(E7=0,0,E187*(E$63-E$122)),0)-21.89 -> 138238.11 | F96: =ROUND(IF(F7=0,0,F187*(F$63-F$122)),0)+887.84 -> 190801.84 | G96: =ROUND(IF(G7=0,0,G187*(G$63-G$122)),0)-357.75 -> 160272.25 | H96: =ROUND(IF(H7=0,0,H187*(H$63-H$122)),0)+149.71 -> 292466.71 | I96: =ROUND(IF(I7=0,0,I187*(I$63-I$122)),0)-2.08 -> 173151.92 | J96: =ROUND(IF(J7=0,0,J187*(J$63-J$122)),0)+4.94 -> 216647.94 | K96: =ROUND(IF(K7=0,0,K187*(K$63-K$122)),0)+100.3 -> 124335.3 | L96: =ROUND(IF(L7=0,0,L187*(L$63-L$122)),0)-150.92 -> 181231.08 | M96: =ROUND(IF(M7=0,0,M187*(M$63-M$122)),0)-146.03 -> 121865.97 | N96: =ROUND(IF(N7=0,0,N187*(N$63-N$122)),0)-167.9 -> 159229.1 | O96: =SUM(C96:N96) -> 2280695.9
A97: 157001150210.7171 | B97: Oxy | C97: =ROUND(IF(C8=0,0,C188*(C$63-C$122)),0) -> 35759 | D97: =ROUND(IF(D8=0,0,D188*(D$63-D$122)),0) -> 24102 | E97: =ROUND(IF(E8=0,0,E188*(E$63-E$122)),0) -> 27978 | F97: =ROUND(IF(F8=0,0,F188*(F$63-F$122)),0) -> 23772 | G97: =ROUND(IF(G8=0,0,G188*(G$63-G$122)),0) -> 36855 | H97: =ROUND(IF(H8=0,0,H188*(H$63-H$122)),0) -> 32093 | I97: =ROUND(IF(I8=0,0,I188*(I$63-I$122)),0) -> 29280 | J97: =ROUND(IF(J8=0,0,J188*(J$63-J$122)),0) -> 35010 | ... N97: =ROUND(IF(N8=0,0,N188*(N$63-N$122)),0) -> 39043 | O97: =SUM(C97:N97) -> 357587
A98: 157001150244.7171 | B98: Oxy APAP | C98: =ROUND(IF(C9=0,0,C189*(C$63-C$122)),0) -> 50559 | D98: =ROUND(IF(D9=0,0,D189*(D$63-D$122)),0) -> 56075 | E98: =ROUND(IF(E9=0,0,E189*(E$63-E$122)),0) -> 29418 | F98: =ROUND(IF(F9=0,0,F189*(F$63-F$122)),0) -> 82319 | G98: =ROUND(IF(G9=0,0,G189*(G$63-G$122)),0) -> 76523 | H98: =ROUND(IF(H9=0,0,H189*(H$63-H$122)),0) -> 65768 | I98: =ROUND(IF(I9=0,0,I189*(I$63-I$122)),0) -> 45344 | J98: =ROUND(IF(J9=0,0,J189*(J$63-J$122)),0) -> 61222 | ... N98: =ROUND(IF(N9=0,0,N189*(N$63-N$122)),0) -> 41300 | O98: =SUM(C98:N98) -> 595693
A99: 157001150222.7171 | B99: ADHD | C99: =ROUND(IF(C10=0,0,C190*(C$63-C$122)),0) -> 18050 | D99: =ROUND(IF(D10=0,0,D190*(D$63-D$122)),0) -> 16107 | E99: =ROUND(IF(E10=0,0,E190*(E$63-E$122)),0) -> 11757 | F99: =ROUND(IF(F10=0,0,F190*(F$63-F$122)),0) -> 11055 | G99: =ROUND(IF(G10=0,0,G190*(G$63-G$122)),0) -> 17261 | H99: =ROUND(IF(H10=0,0,H190*(H$63-H$122)),0) -> 26053 | I99: =ROUND(IF(I10=0,0,I190*(I$63-I$122)),0) -> 14456 | J99: =ROUND(IF(J10=0,0,J190*(J$63-J$122)),0) -> 13418 | ... N99: =ROUND(IF(N10=0,0,N190*(N$63-N$122)),0) -> 11243 | O99: =SUM(C99:N99) -> 165513
A100: 157001150263.7171 | B100: Dextroamphetamine | C100: =ROUND(IF(C11=0,0,C191*(C$63-C$122)),0) -> 1455 | D100: =ROUND(IF(D11=0,0,D191*(D$63-D$122)),0) -> 1787 | E100: =ROUND(IF(E11=0,0,E191*(E$63-E$122)),0) -> 504 | F100: =ROUND(IF(F11=0,0,F191*(F$63-F$122)),0) -> 362 | G100: =ROUND(IF(G11=0,0,G191*(G$63-G$122)),0) -> 1134 | H100: =ROUND(IF(H11=0,0,H191*(H$63-H$122)),0) -> 2948 | I100: =ROUND(IF(I11=0,0,I191*(I$63-I$122)),0) -> 919 | J100: =ROUND(IF(J11=0,0,J191*(J$63-J$122)),0) -> 1225 | ... N100: =ROUND(IF(N11=0,0,N191*(N$63-N$122)),0) -> 1769 | O100: =SUM(C100:N100) -> 15814
A101: 157001150238.7171 | B101: =+B72 -> Methylphenidate ER | C101: =ROUND(IF(C12=0,0,C192*(C$63-C$122)),0) -> 10009 | D101: =ROUND(IF(D12=0,0,D192*(D$63-D$122)),0) -> 9900 | E101: =ROUND(IF(E12=0,0,E192*(E$63-E$122)),0) -> 4043 | F101: =ROUND(IF(F12=0,0,F192*(F$63-F$122)),0) -> 6468 | G101: =ROUND(IF(G12=0,0,G192*(G$63-G$122)),0) -> 4785 | H101: =ROUND(IF(H12=0,0,H192*(H$63-H$122)),0) -> 7547 | I101: =ROUND(IF(I12=0,0,I192*(I$63-I$122)),0) -> 4324 | J101: =ROUND(IF(J12=0,0,J192*(J$63-J$122)),0) -> 5836 | ... N101: =ROUND(IF(N12=0,0,N192*(N$63-N$122)),0) -> 4521 | O101: =SUM(C101:N101) -> 66353
A102: 157001150248.7171 | B102: Oxymorphone IR | C102: =ROUND(IF(C13=0,0,C193*(C$63-C$122)),0) -> 157 | D102: =ROUND(IF(D13=0,0,D193*(D$63-D$122)),0) -> 244 | E102: =ROUND(IF(E13=0,0,E193*(E$63-E$122)),0) -> 208 | F102: =ROUND(IF(F13=0,0,F193*(F$63-F$122)),0) -> 192 | G102: =ROUND(IF(G13=0,0,G193*(G$63-G$122)),0) -> 125 | H102: =ROUND(IF(H13=0,0,H193*(H$63-H$122)),0) -> 169 | I102: =ROUND(IF(I13=0,0,I193*(I$63-I$122)),0) -> 124 | J102: =ROUND(IF(J13=0,0,J193*(J$63-J$122)),0) -> 171 | ... N102: =ROUND(IF(N13=0,0,N193*(N$63-N$122)),0) -> 136 | O102: =SUM(C102:N102) -> 1828
A103: 157001150229.7171 | B103: Morphine ER | C103: =ROUND(IF(C14=0,0,C194*(C$63-C$122)),0) -> 12234 | D103: =ROUND(IF(D14=0,0,D194*(D$63-D$122)),0) -> 27881 | E103: =ROUND(IF(E14=0,0,E194*(E$63-E$122)),0) -> 8508 | F103: =ROUND(IF(F14=0,0,F194*(F$63-F$122)),0) -> 19076 | G103: =ROUND(IF(G14=0,0,G194*(G$63-G$122)),0) -> 17960 | H103: =ROUND(IF(H14=0,0,H194*(H$63-H$122)),0) -> 19762 | I103: =ROUND(IF(I14=0,0,I194*(I$63-I$122)),0) -> 11377 | J103: =ROUND(IF(J14=0,0,J194*(J$63-J$122)),0) -> 16611 | ... N103: =ROUND(IF(N14=0,0,N194*(N$63-N$122)),0) -> 16621 | O103: =SUM(C103:N103) -> 181510
A104: 157001150230.7171 | B104: Hydromorphone | C104: =ROUND(IF(C15=0,0,C195*(C$63-C$122)),0) -> 13248 | D104: =ROUND(IF(D15=0,0,D195*(D$63-D$122)),0) -> 20055 | E104: =ROUND(IF(E15=0,0,E195*(E$63-E$122)),0) -> 8015 | F104: =ROUND(IF(F15=0,0,F195*(F$63-F$122)),0) -> 7356 | G104: =ROUND(IF(G15=0,0,G195*(G$63-G$122)),0) -> 16099 | H104: =ROUND(IF(H15=0,0,H195*(H$63-H$122)),0) -> 28136 | I104: =ROUND(IF(I15=0,0,I195*(I$63-I$122)),0) -> 13976 | J104: =ROUND(IF(J15=0,0,J195*(J$63-J$122)),0) -> 15772 | ... N104: =ROUND(IF(N15=0,0,N195*(N$63-N$122)),0) -> 12687 | O104: =SUM(C104:N104) -> 165515
A105: 157001150231.7171 | B105: Methadone | C105: =ROUND(IF(C16=0,0,C196*(C$63-C$122)),0) -> 31635 | D105: =ROUND(IF(D16=0,0,D196*(D$63-D$122)),0) -> 29342 | E105: =ROUND(IF(E16=0,0,E196*(E$63-E$122)),0) -> 15817 | F105: =ROUND(IF(F16=0,0,F196*(F$63-F$122)),0) -> 33204 | G105: =ROUND(IF(G16=0,0,G196*(G$63-G$122)),0) -> 25761 | H105: =ROUND(IF(H16=0,0,H196*(H$63-H$122)),0) -> 34281 | I105: =ROUND(IF(I16=0,0,I196*(I$63-I$122)),0) -> 15667 | J105: =ROUND(IF(J16=0,0,J196*(J$63-J$122)),0) -> 21266 | ... N105: =ROUND(IF(N16=0,0,N196*(N$63-N$122)),0) -> 14895 | O105: =SUM(C105:N105) -> 264307
A106: 157001150232.7171 | B106: APAP/Codeine | C106: =ROUND(IF(C17=0,0,C197*(C$63-C$122)),0) -> 6686 | D106: =ROUND(IF(D17=0,0,D197*(D$63-D$122)),0) -> 2359 | E106: =ROUND(IF(E17=0,0,E197*(E$63-E$122)),0) -> 5882 | F106: =ROUND(IF(F17=0,0,F197*(F$63-F$122)),0) -> 4875 | G106: =ROUND(IF(G17=0,0,G197*(G$63-G$122)),0) -> 825 | H106: =ROUND(IF(H17=0,0,H197*(H$63-H$122)),0) -> 0 | I106: =ROUND(IF(I17=0,0,I197*(I$63-I$122)),0) -> 4110 | J106: =ROUND(IF(J17=0,0,J197*(J$63-J$122)),0) -> 8249 | ... N106: =ROUND(IF(N17=0,0,N197*(N$63-N$122)),0) -> 9622 | O106: =SUM(C106:N106) -> 51965
A107: 157001150234.7171 | B107: Fentanyl Lozenge | C107: =ROUND(IF(C18=0,0,C198*(C$63-C$122)),0) -> 534 | D107: =ROUND(IF(D18=0,0,D198*(D$63-D$122)),0) -> 558 | E107: =ROUND(IF(E18=0,0,E198*(E$63-E$122)),0) -> 546 | F107: =ROUND(IF(F18=0,0,F198*(F$63-F$122)),0) -> 538 | G107: =ROUND(IF(G18=0,0,G198*(G$63-G$122)),0) -> 435 | H107: =ROUND(IF(H18=0,0,H198*(H$63-H$122)),0) -> 776 | I107: =ROUND(IF(I18=0,0,I198*(I$63-I$122)),0) -> 586 | J107: =ROUND(IF(J18=0,0,J198*(J$63-J$122)),0) -> 641 | ... N107: =ROUND(IF(N18=0,0,N198*(N$63-N$122)),0) -> 823 | O107: =SUM(C107:N107) -> 6730
A108: 157001150236.7171 | B108: Fentanyl Patch | C108: =ROUND(IF(C19=0,0,C199*(C$63-C$122)),0) -> 34667 | D108: =ROUND(IF(D19=0,0,D199*(D$63-D$122)),0) -> 34137 | E108: =ROUND(IF(E19=0,0,E199*(E$63-E$122)),0) -> 23504 | F108: =ROUND(IF(F19=0,0,F199*(F$63-F$122)),0) -> 37431 | G108: =ROUND(IF(G19=0,0,G199*(G$63-G$122)),0) -> 26432 | H108: =ROUND(IF(H19=0,0,H199*(H$63-H$122)),0) -> 43276 | I108: =ROUND(IF(I19=0,0,I199*(I$63-I$122)),0) -> 29572 | J108: =ROUND(IF(J19=0,0,J199*(J$63-J$122)),0) -> 34912 | ... N108: =ROUND(IF(N19=0,0,N199*(N$63-N$122)),0) -> 33076 | O108: =SUM(C108:N108) -> 373846
A109: 157001150253.7171 | B109: Temazepam | C109: =ROUND(IF(C20=0,0,C200*(C$63-C$122)),0) -> 502 | D109: =ROUND(IF(D20=0,0,D200*(D$63-D$122)),0) -> 700 | E109: =ROUND(IF(E20=0,0,E200*(E$63-E$122)),0) -> 333 | F109: =ROUND(IF(F20=0,0,F200*(F$63-F$122)),0) -> 981 | G109: =ROUND(IF(G20=0,0,G200*(G$63-G$122)),0) -> 425 | H109: =ROUND(IF(H20=0,0,H200*(H$63-H$122)),0) -> 591 | I109: =ROUND(IF(I20=0,0,I200*(I$63-I$122)),0) -> 692 | J109: =ROUND(IF(J20=0,0,J200*(J$63-J$122)),0) -> 801 | ... N109: =ROUND(IF(N20=0,0,N200*(N$63-N$122)),0) -> 584 | O109: =SUM(C109:N109) -> 6805
A110: 157001150254.7171 | B110: Imipramine Pamoate | C110: =ROUND(IF(C21=0,0,C201*(C$63-C$122)),0) -> 432 | D110: =ROUND(IF(D21=0,0,D201*(D$63-D$122)),0) -> 391 | E110: =ROUND(IF(E21=0,0,E201*(E$63-E$122)),0) -> 267 | F110: =ROUND(IF(F21=0,0,F201*(F$63-F$122)),0) -> 167 | G110: =ROUND(IF(G21=0,0,G201*(G$63-G$122)),0) -> 93 | H110: =ROUND(IF(H21=0,0,H201*(H$63-H$122)),0) -> 243 | I110: =ROUND(IF(I21=0,0,I201*(I$63-I$122)),0) -> 111 | J110: =ROUND(IF(J21=0,0,J201*(J$63-J$122)),0) -> 171 | ... N110: =ROUND(IF(N21=0,0,N201*(N$63-N$122)),0) -> 27 | O110: =SUM(C110:N110) -> 2148
A111: 157001150264.7171 | B111: =+B55 -> Mixed Amphet Salts | C111: =ROUND(IF(C22=0,0,C202*(C$63-C$122)),0) -> 3213 | D111: =ROUND(IF(D22=0,0,D202*(D$63-D$122)),0) -> 3509 | E111: =ROUND(IF(E22=0,0,E202*(E$63-E$122)),0) -> 779 | F111: =ROUND(IF(F22=0,0,F202*(F$63-F$122)),0) -> 2348 | G111: =ROUND(IF(G22=0,0,G202*(G$63-G$122)),0) -> 1439 | H111: =ROUND(IF(H22=0,0,H202*(H$63-H$122)),0) -> 1938 | I111: =ROUND(IF(I22=0,0,I202*(I$63-I$122)),0) -> 1190 | J111: =ROUND(IF(J22=0,0,J202*(J$63-J$122)),0) -> 1375 | ... N111: =ROUND(IF(N22=0,0,N202*(N$63-N$122)),0) -> 1487 | O111: =SUM(C111:N111) -> 19773
A112: 157001150270.7171 | B112: Exalgo AG | C112: =ROUND(IF(C23=0,0,C203*(C$63-C$122)),0) -> 522 | D112: =ROUND(IF(D23=0,0,D203*(D$63-D$122)),0) -> 532 | E112: =ROUND(IF(E23=0,0,E203*(E$63-E$122)),0) -> 377 | F112: =ROUND(IF(F23=0,0,F203*(F$63-F$122)),0) -> 575 | G112: =ROUND(IF(G23=0,0,G203*(G$63-G$122)),0) -> 472 | H112: =ROUND(IF(H23=0,0,H203*(H$63-H$122)),0) -> 702 | I112: =ROUND(IF(I23=0,0,I203*(I$63-I$122)),0) -> 471 | J112: =ROUND(IF(J23=0,0,J203*(J$63-J$122)),0) -> 664 | ... N112: =ROUND(IF(N23=0,0,N203*(N$63-N$122)),0) -> 215 | O112: =SUM(C112:N112) -> 5212
A113: 157001150212.7171 | B113: Meth Oral Solutions | C113: =ROUND(IF(C24=0,0,C204*(C$63-C$122)),0) -> 160 | D113: =ROUND(IF(D24=0,0,D204*(D$63-D$122)),0) -> 123 | E113: =ROUND(IF(E24=0,0,E204*(E$63-E$122)),0) -> 142 | F113: =ROUND(IF(F24=0,0,F204*(F$63-F$122)),0) -> 117 | G113: =ROUND(IF(G24=0,0,G204*(G$63-G$122)),0) -> 126 | H113: =ROUND(IF(H24=0,0,H204*(H$63-H$122)),0) -> 302 | I113: =ROUND(IF(I24=0,0,I204*(I$63-I$122)),0) -> 90 | J113: =ROUND(IF(J24=0,0,J204*(J$63-J$122)),0) -> 163 | ... N113: =ROUND(IF(N24=0,0,N204*(N$63-N$122)),0) -> 180 | O113: =SUM(C113:N113) -> 1629
A114: 157001150209.7171 | B114: Other Generic | C114: =ROUND(IF(C25=0,0,C205*(C$63-C$122)),0) -> 12196 | D114: =ROUND(IF(D25=0,0,D205*(D$63-D$122)),0) -> 12574 | E114: =ROUND(IF(E25=0,0,E205*(E$63-E$122)),0) -> 6712 | F114: =ROUND(IF(F25=0,0,F205*(F$63-F$122)),0) -> 11601 | G114: =ROUND(IF(G25=0,0,G205*(G$63-G$122)),0) -> 10211 | H114: =ROUND(IF(H25=0,0,H205*(H$63-H$122)),0) -> 17625 | I114: =ROUND(IF(I25=0,0,I205*(I$63-I$122)),0) -> 12093 | J114: =ROUND(IF(J25=0,0,J205*(J$63-J$122)),0) -> 10015 | ... N114: =ROUND(IF(N25=0,0,N205*(N$63-N$122)),0) -> 15709 | O114: =SUM(C114:N114) -> 140566
A115: 157001150225.7171 | B115: CNS N/Pro | C115: =ROUND(IF(C26=0,0,C206*(C$63-C$122)),0) -> 671 | D115: =ROUND(IF(D26=0,0,D206*(D$63-D$122)),0) -> 644 | E115: =ROUND(IF(E26=0,0,E206*(E$63-E$122)),0) -> 491 | F115: =ROUND(IF(F26=0,0,F206*(F$63-F$122)),0) -> 517 | G115: =ROUND(IF(G26=0,0,G206*(G$63-G$122)),0) -> 508 | H115: =ROUND(IF(H26=0,0,H206*(H$63-H$122)),0) -> 716 | I115: =ROUND(IF(I26=0,0,I206*(I$63-I$122)),0) -> 554 | J115: =ROUND(IF(J26=0,0,J206*(J$63-J$122)),0) -> 643 | ... N115: =ROUND(IF(N26=0,0,N206*(N$63-N$122)),0) -> 365 | O115: =SUM(C115:N115) -> 6159
A116: 157001150250.7171 | B116: Xartemis | C116: =ROUND(IF(C27=0,0,C207*(C$63-C$122)),0) -> 489 | D116: =ROUND(IF(D27=0,0,D207*(D$63-D$122)),0) -> 297 | E116: =ROUND(IF(E27=0,0,E207*(E$63-E$122)),0) -> 237 | F116: =ROUND(IF(F27=0,0,F207*(F$63-F$122)),0) -> 249 | G116: =ROUND(IF(G27=0,0,G207*(G$63-G$122)),0) -> 195 | H116: =ROUND(IF(H27=0,0,H207*(H$63-H$122)),0) -> 330 | I116: =ROUND(IF(I27=0,0,I207*(I$63-I$122)),0) -> 183 | J116: =ROUND(IF(J27=0,0,J207*(J$63-J$122)),0) -> 185 | ... N116: =ROUND(IF(N27=0,0,N207*(N$63-N$122)),0) -> 115 | O116: =SUM(C116:N116) -> 2556
A117: 157001150251.7171 | B117: Pennsaid | C117: =ROUND(IF(C28=0,0,C208*(C$63-C$122)),0) -> 0 | D117: =ROUND(IF(D28=0,0,D208*(D$63-D$122)),0) -> 0 | E117: =ROUND(IF(E28=0,0,E208*(E$63-E$122)),0) -> 0 | F117: =ROUND(IF(F28=0,0,F208*(F$63-F$122)),0) -> 0 | G117: =ROUND(IF(G28=0,0,G208*(G$63-G$122)),0) -> 0 | H117: =ROUND(IF(H28=0,0,H208*(H$63-H$122)),0) -> 0 | I117: =ROUND(IF(I28=0,0,I208*(I$63-I$122)),0) -> 0 | J117: =ROUND(IF(J28=0,0,J208*(J$63-J$122)),0) -> 0 | ... N117: =ROUND(IF(N28=0,0,N208*(N$63-N$122)),0) -> 0 | O117: =SUM(C117:N117) -> 0
...

Sheet JE
A2: Explanation | B2: Sum | C2: JE#
A3: September Dosage Reclass | B3: =SUM(B6:B88) -> 2.910383e-11 | C3: 894097
A5: Acct# | B5: Amount | C5: Explanation 2
A6: 157001000209.4313 | B6: =-Spread!N36 -> 81844.45 | C6: Allowances Reclass
A7: 157001000209.4313.0100 | B7: =-Spread!N37 -> -14316.7 | C7: Allowances Reclass
A8: 157001000211.4313 | B8: =Spread!N40 -> -19040 | C8: Allowances Reclass
A9: 157001000210.4313 | B9: =Spread!N41 -> -4562 | C9: Allowances Reclass
A10: 157001000244.4313 | B10: =Spread!N42 -> -5962 | C10: Allowances Reclass
A11: 157001000222.4313 | B11: =Spread!N43 -> -5516 | C11: Allowances Reclass
A12: 157001000263.4313 | B12: =Spread!N44 -> -1180 | C12: Allowances Reclass
A13: 157001000238.4313 | B13: =Spread!N45 -> -9633 | C13: Allowances Reclass
A14: 157001000248.4313 | B14: =Spread!N46 -> -104 | C14: Allowances Reclass
A15: 157001000229.4313 | B15: =Spread!N47 -> -6273 | C15: Allowances Reclass
A16: 157001000230.4313 | B16: =Spread!N48 -> -580 | C16: Allowances Reclass
A17: 157001000231.4313 | B17: =Spread!N49 -> -1435 | C17: Allowances Reclass
A19: 157001000232.4313 | B19: =Spread!N50 -> -2005 | C19: Allowances Reclass
A20: 157001000234.4313 | B20: =Spread!N51 -> -1221 | C20: Allowances Reclass
A21: 157001000236.4313 | B21: =Spread!N52 -> -4875 | C21: Allowances Reclass
A22: 157001000253.4313 | B22: =Spread!N53 -> -742 | C22: Allowances Reclass
A23: 157001000254.4313 | B23: =Spread!N54 -> -12 | C23: Allowances Reclass
A24: 157001000264.4313 | B24: =Spread!N55 -> -2511 | C24: Allowances Reclass
A25: 157001000270.4313 | B25: =Spread!N56 -> -370 | C25: Allowances Reclass
A26: 157001000212.4313 | B26: =Spread!N57 -> -238 | C26: Allowances Reclass
A27: 157001000209.4313 | B27: =Spread!N58 -> -1097 | C27: Allowances Reclass
A28: 157001150209.7165 | B28: =-Spread!N62 -> -213 | C28: Freight Reclass
A29: 157001150209.7171 | B29: =-Spread!N63 -> -364220.85 | C29: Freight Reclass
A30: 157001150211.7165 | B30: =Spread!N67 -> 56 | C30: Freight Reclass
A32: 157001150210.7165 | B32: =Spread!N68 -> 13 | C32: Freight Reclass
A33: 157001150244.7165 | B33: =Spread!N69 -> 18 | C33: Freight Reclass
A34: 157001150222.7165 | B34: =Spread!N70 -> 16 | C34: Freight Reclass
A35: 157001150263.7165 | B35: =Spread!N71 -> 3 | C35: Freight Reclass
A36: 157001150238.7165 | B36: =Spread!N72 -> 28 | C36: Freight Reclass
A37: 157001150248.7165 | B37: =Spread!N73 -> 0 | C37: Freight Reclass
A38: 157001150229.7165 | B38: =Spread!N74 -> 19 | C38: Freight Reclass
A39: 157001150230.7165 | B39: =Spread!N75 -> 2 | C39: Freight Reclass
A40: 157001150231.7165 | B40: =Spread!N76 -> 4 | C40: Freight Reclass
A41: 157001150232.7165 | B41: =Spread!N77 -> 6 | C41: Freight Reclass
A42: 157001150234.7165 | B42: =Spread!N78 -> 4 | C42: Freight Reclass
A43: 157001150236.7165 | B43: =Spread!N79 -> 14 | C43: Freight Reclass
A45: 157001150253.7165 | B45: =Spread!N80 -> 2 | C45: Freight Reclass
A46: 157001150254.7165 | B46: =Spread!N81 -> 0 | C46: Freight Reclass
A47: 157001150270.7165 | B47: =Spread!N82 -> 7 | C47: Freight Reclass
A48: 157001150264.7165 | B48: =Spread!N83 -> 1 | C48: Freight Reclass
A49: 157001150212.7165 | B49: =Spread!N84 -> 1 | C49: Freight Reclass
A50: 157001150209.7165 | B50: =Spread!N85 -> 3 | C50: Freight Reclass
A51: 157001150225.7165 | B51: =Spread!N86 -> 3 | C51: Freight Reclass
A52: 157001150250.7165 | B52: =Spread!N87 -> 0 | C52: Freight Reclass
A53: 157001150251.7165 | B53: =Spread!N88 -> 0 | C53: Freight Reclass
A54: 157001150252.7165 | B54: =Spread!N89 -> 5 | C54: Freight Reclass
A55: 157001150255.7165 | B55: =Spread!N90 -> 0 | C55: Freight Reclass
A56: 157001150268.7165 | B56: =Spread!N91 -> 2 | C56: Freight Reclass
A58: 157001150271.7165 | B58: =Spread!N92 -> 0 | C58: Freight Reclass
A59: 157001150221.7165 | B59: =Spread!N93 -> 3 | C59: Freight Reclass
A60: 157001150211.7171 | B60: =Spread!N96 -> 159229.1 | C60: Freight Reclass
A61: 157001150210.7171 | B61: =Spread!N97 -> 39043 | C61: Freight Reclass
A62: 157001150244.7171 | B62: =Spread!N98 -> 41300 | C62: Freight Reclass
A63: 157001150222.7171 | B63: =Spread!N99 -> 11243 | C63: Freight Reclass
A64: 157001150263.7171 | B64: =Spread!N100 -> 1769 | C64: Freight Reclass
A65: 157001150238.7171 | B65: =Spread!N101 -> 4521 | C65: Freight Reclass
A66: 157001150248.7171 | B66: =Spread!N102 -> 136 | C66: Freight Reclass
A67: 157001150229.7171 | B67: =Spread!N103 -> 16621 | C67: Freight Reclass
A68: 157001150230.7171 | B68: =Spread!N104 -> 12687 | C68: Freight Reclass
A69: 157001150231.7171 | B69: =Spread!N105 -> 14895 | C69: Freight Reclass
A71: 157001150232.7171 | B71: =Spread!N106 -> 9622 | C71: Freight Reclass
A72: 157001150234.7171 | B72: =Spread!N107 -> 823 | C72: Freight Reclass
A73: 157001150236.7171 | B73: =Spread!N108 -> 33076 | C73: Freight Reclass
A74: 157001150253.7171 | B74: =Spread!N109 -> 584 | C74: Freight Reclass
A75: 157001150254.7171 | B75: =Spread!N110 -> 27 | C75: Freight Reclass
A76: 157001150264.7171 | B76: =Spread!N111 -> 1487 | C76: Freight Reclass
A77: 157001150270.7171 | B77: =Spread!N112 -> 215 | C77: Freight Reclass
A78: 157001150212.7171 | B78: =Spread!N113 -> 180 | C78: Freight Reclass
A79: 157001150209.7171 | B79: =Spread!N114 -> 15709 | C79: Freight Reclass
A80: 157001150225.7171 | B80: =Spread!N115 -> 365 | C80: Freight Reclass
A81: 157001150250.7171 | B81: =Spread!N116 -> 115 | C81: Freight Reclass
A82: 157001150251.7171 | B82: =Spread!N117 -> 0 | C82: Freight Reclass
A84: 157001150252.7171 | B84: =Spread!N118 -> 130 | C84: Freight Reclass
A85: 157001150255.7171 | B85: =Spread!N119 -> 0 | C85: Freight Reclass
A86: 157001150268.7171 | B86: =Spread!N120 -> 195 | C86: Freight Reclass
A87: 157001150271.7171 | B87: =Spread!N121 -> 80 | C87: Freight Reclass
A88: 157001150221.7171 | B88: =Spread!N122 -> 0 | C88: Freight Reclass
